-- phpMyAdmin SQL Dump
-- version 5.2.0
-- https://www.phpmyadmin.net/
--
-- Host: localhost
-- Generation Time: Dec 09, 2024 at 02:11 PM
-- Server version: 10.4.27-MariaDB
-- PHP Version: 8.2.0

SET SQL_MODE = "NO_AUTO_VALUE_ON_ZERO";
START TRANSACTION;
SET time_zone = "+00:00";


/*!40101 SET @OLD_CHARACTER_SET_CLIENT=@@CHARACTER_SET_CLIENT */;
/*!40101 SET @OLD_CHARACTER_SET_RESULTS=@@CHARACTER_SET_RESULTS */;
/*!40101 SET @OLD_COLLATION_CONNECTION=@@COLLATION_CONNECTION */;
/*!40101 SET NAMES utf8mb4 */;

--
-- Database: `dbwgsl`
--

-- --------------------------------------------------------

--
-- Table structure for table `barang`
--

CREATE TABLE `barang` (
  `id` int(11) NOT NULL,
  `nama` tinytext NOT NULL,
  `merk` tinytext NOT NULL,
  `harga` int(11) NOT NULL,
  `besaran` varchar(20) NOT NULL
) ENGINE=InnoDB DEFAULT CHARSET=utf8mb4 COLLATE=utf8mb4_general_ci;

--
-- Dumping data for table `barang`
--

INSERT INTO `barang` (`id`, `nama`, `merk`, `harga`, `besaran`) VALUES
(1, 'CCTV', 'AXON', 1000000, 'pcs'),
(2, 'Selang', 'Rucikson', 4000, 'meter'),
(3, 'Kabel Listrik', 'Politron', 20000, 'meter'),
(4, 'Kabel UTP Paket Lengkap', 'Larion', 10000, 'meter'),
(5, 'Pipa 1 inch', 'Rucika', 55000, 'Batang'),
(6, 'Pompa Air (Submersible 0.5hp)', 'Paloma', 2500000, 'pcs'),
(7, 'Panel Surya 100 wp', 'Solana', 1500000, 'keping'),
(8, 'Tower Triangle', '...', 2000000, 'batang'),
(9, 'Baterai Lipo 100 AH ', 'ICA', 1600000, 'pcs'),
(10, 'Solar Charge Control (SCC) 50A, 24V', 'ICA Solar', 1000000, 'unit'),
(11, 'Biaya Kendala', '-', 1250000, '/ projek'),
(12, 'LHG LTE', 'Mikrotik', 7000000, 'unit'),
(13, 'Router', 'Mi Router', 1000000, 'unit'),
(14, 'Pipa transmisi PVC dia. 1,5\" AW (dari ground ke thoren)', 'Wavin', 35746, 'm'),
(15, 'Pipa distribusi PVC dia. 2\" AW (dari thoren ke pipa distribusi PVC)', 'Rucika', 43227, 'm'),
(16, 'Pipa penguras PVC dia. 2\" AW', 'Vinilon', 23775, 'm'),
(17, 'Stopkran besi dia. 2\"', 'Onda', 293250, 'buah'),
(18, 'Check valve dia. 1,5\"', 'Maspion', 267375, 'buah'),
(19, 'Pipa penyaring besi dia. 2\"', 'Maspion', 405375, 'buah'),
(20, 'Pengaman pompa dari tralis besi hollow 70x50x70 cm lengkap dengan aksesoris engsel, kunci, finishing cat besi', 'King Hardware', 804068, 'unit'),
(21, 'Pemasangan railling pipa Galvanis Medium B dia. 2\", h = 1,00 m', 'Galvindo', 222827, 'm'),
(22, 'Penggalian tanah biasa sedalam s.d 1 m', '-', 47190, 'm^3'),
(23, 'Pengurugan dengan pasir urug', '-', 105996, 'm^3'),
(24, 'Pipa Header GIP Medium B dia. 4\", panjang 1,50 m', 'TSP', 393270, 'bh'),
(25, 'Pemasangan pipa PVC dia. 2\" AW', 'Wavin', 43227, 'm'),
(26, 'Pemasangan pipa PVC dia. 3/4\" AW', 'Rucika', 15391, 'm'),
(27, 'Urugan tanah kembali', '-', 18876, 'm^3'),
(28, '1 m3 Pemadatan tanah', '-', 3767, 'm3'),
(29, 'Pembuangan tanah sejauh s.d. 30 m', '-', 20691, 'm^3'),
(30, 'Pasang Stop kran PVC dia. 2\"', 'Onda', 79860, 'bh'),
(31, 'Pemasangan 1 buah kran Ø ¾” atau ½”', 'Krisbow', 83339, 'bh'),
(32, 'Pasang Reducer PVC dia. 2\"x1\"', 'Maspion', 7920, 'bh'),
(33, 'Panel PHBTR Lengkap dengan ATS/AMF', 'Schneider Electric', 13750000, 'unit'),
(34, 'Panel Utama (MDP)', 'ABB', 4400000, 'unit'),
(35, 'Panel Listrik Kantor', 'Panasonic', 3025000, 'unit'),
(36, 'Panel Listrik Umum', 'Hager', 2750000, 'unit'),
(37, 'Panel Kontrol Pompa', 'Siemens', 2200000, 'unit'),
(38, 'Panel Kontrol Aerator', 'Omron', 1760000, 'unit'),
(39, 'Material Bantu & Testing Commissioning', '-', 1000000, 'ls'),
(40, 'Air Terminal', 'Erico', 10000000, 'unit'),
(41, 'Head penangkal petir type electrostatic / non-radio aktif, R=100m', 'ABB', 10000000, 'unit'),
(42, 'Kabel NSXY 1C x 35 mm²', 'Supreme', 75000, 'm'),
(43, 'Konduit High Impact PVC Minimum Ø 20 mm', 'Clipsal', 9350, 'm'),
(44, 'Klem kabel', 'OBO Bettermann', 99000, 'ls'),
(45, 'Pentanahan / Grounding System', 'Megger', 5000000, 'unit'),
(46, 'Tiang penangkal petir tinggi 5 m bahan GIP pipe medium class B Ø 2,5\"', 'Galvanis', 2500000, 'bh'),
(47, 'Accessories', 'Schneider', 385000, 'ls'),
(48, 'Testing & Commissioning', 'Siemens', 1250000, 'ls'),
(49, 'Instalasi CCTV dg kabel CAT 6 + Power dlm pipa conduit PVC dia. 20 mm2', 'Belden', 165000, 'titik'),
(50, 'IP Colour Camera Outdoor Day & Night Fixed Type', 'Hikvision', 1925000, 'bh'),
(51, 'IP Dome Camera Indoor Day & Night 180° Type', 'Dahua', 2750000, 'bh'),
(52, 'NVR kap 16 channel, hardisc 1 T', 'Hikvision', 1650000, 'unit'),
(53, 'Monitor LED 32\" + assesories', 'Samsung', 1650000, 'unit'),
(54, 'Power Surge Arester 15 KA', 'Schneider', 550000, 'unit'),
(55, 'Fitting & Supporting', 'Schneider', 3850000, 'ls'),
(56, 'UPS 3000 VA 2U Rackmount LCD 230 V online', 'APC', 16250000, 'unit'),
(57, 'Pompa transfer kap. 30 ltr/menit, tekanan 35 m, motor rated: 0.30 KW; 220 V/I Phase/50 Hz (terpasang)', 'Grundfos', 4950000, 'unit'),
(58, 'Tangga Monyet', '-', 247500, 'm'),
(62, 'besi', 'besi', 1000, 'm');

-- --------------------------------------------------------

--
-- Table structure for table `invoice`
--

CREATE TABLE `invoice` (
  `id` int(11) NOT NULL,
  `bukti_bayar` text NOT NULL,
  `tanggal_checkout` datetime NOT NULL DEFAULT current_timestamp(),
  `confirmed` int(11) DEFAULT NULL
) ENGINE=InnoDB DEFAULT CHARSET=utf8mb4 COLLATE=utf8mb4_general_ci;

--
-- Dumping data for table `invoice`
--

INSERT INTO `invoice` (`id`, `bukti_bayar`, `tanggal_checkout`, `confirmed`) VALUES
(35, '674e813526a78.jpg', '2024-12-03 10:55:33', -1),
(36, '674ead6f648b0.jpg', '2024-12-03 14:04:15', NULL),
(37, '674f29605a4e1.jpg', '2024-12-03 22:53:04', 1);

-- --------------------------------------------------------

--
-- Table structure for table `keranjang`
--

CREATE TABLE `keranjang` (
  `id` int(11) NOT NULL,
  `user_username` varchar(50) NOT NULL,
  `id_invoice` int(11) DEFAULT NULL,
  `id_services` int(11) NOT NULL
) ENGINE=InnoDB DEFAULT CHARSET=utf8mb4 COLLATE=utf8mb4_general_ci;

--
-- Dumping data for table `keranjang`
--

INSERT INTO `keranjang` (`id`, `user_username`, `id_invoice`, `id_services`) VALUES
(8, 'rizki', 36, 1),
(9, 'rizki', 35, 3),
(10, 'rizki', NULL, 4),
(11, 'rizki', 37, 6),
(12, 'rizki', 37, 5);

-- --------------------------------------------------------

--
-- Table structure for table `kontrak`
--

CREATE TABLE `kontrak` (
  `id` int(10) UNSIGNED NOT NULL,
  `id_tagihan` int(11) NOT NULL,
  `id_jasa` int(11) NOT NULL,
  `deskripsi` text NOT NULL,
  `harga` bigint(20) NOT NULL
) ENGINE=InnoDB DEFAULT CHARSET=utf8mb4 COLLATE=utf8mb4_general_ci;

--
-- Dumping data for table `kontrak`
--

INSERT INTO `kontrak` (`id`, `id_tagihan`, `id_jasa`, `deskripsi`, `harga`) VALUES
(40, 46, 10, '', 0),
(41, 46, 11, '', 0),
(42, 46, 12, '', 0),
(43, 47, 13, '', 0);

-- --------------------------------------------------------

--
-- Table structure for table `paket_layanan`
--

CREATE TABLE `paket_layanan` (
  `id` int(11) NOT NULL,
  `id_services` int(11) NOT NULL,
  `id_barang` int(11) NOT NULL,
  `besar` int(11) NOT NULL,
  `photo_url` blob DEFAULT NULL
) ENGINE=InnoDB DEFAULT CHARSET=utf8mb4 COLLATE=utf8mb4_general_ci;

--
-- Dumping data for table `paket_layanan`
--

INSERT INTO `paket_layanan` (`id`, `id_services`, `id_barang`, `besar`, `photo_url`) VALUES
(1, 1, 4, 20, NULL),
(2, 1, 3, 5, NULL),
(5, 1, 1, 1, NULL),
(6, 2, 4, 20, NULL),
(7, 2, 3, 20, NULL),
(8, 2, 1, 7, NULL),
(9, 3, 5, 10, NULL),
(10, 3, 6, 1, NULL),
(11, 1, 7, 2, NULL),
(12, 1, 8, 4, NULL),
(13, 1, 9, 2, NULL),
(14, 1, 10, 1, NULL),
(15, 1, 11, 1, NULL),
(16, 1, 12, 1, NULL),
(17, 1, 13, 1, NULL),
(18, 5, 17, 2, NULL),
(19, 5, 24, 2, NULL),
(34, 4, 14, 18, NULL),
(35, 4, 15, 12, NULL),
(36, 4, 16, 12, NULL),
(37, 4, 20, 1, NULL),
(38, 4, 17, 2, NULL),
(39, 4, 18, 1, NULL),
(40, 4, 19, 1, NULL),
(41, 4, 21, 10, NULL),
(42, 4, 58, 6, NULL),
(58, 5, 22, 52, NULL),
(59, 5, 23, 10, NULL),
(60, 5, 25, 209, NULL),
(61, 5, 26, 36, NULL),
(62, 5, 27, 41, NULL),
(63, 5, 29, 11, NULL),
(64, 6, 33, 1, NULL),
(65, 6, 34, 1, NULL),
(66, 6, 35, 1, NULL),
(67, 6, 36, 1, NULL),
(68, 6, 37, 1, NULL),
(69, 6, 38, 1, NULL),
(70, 6, 39, 1, NULL),
(71, 8, 40, 1, NULL),
(72, 8, 42, 18, NULL),
(73, 8, 43, 18, NULL),
(74, 8, 44, 1, NULL),
(75, 8, 45, 1, NULL),
(76, 8, 46, 1, NULL),
(77, 8, 47, 1, NULL),
(78, 8, 48, 1, NULL),
(79, 9, 49, 8, NULL),
(80, 9, 50, 4, NULL),
(81, 9, 51, 4, NULL),
(82, 9, 52, 1, NULL),
(83, 9, 53, 1, NULL),
(84, 9, 54, 1, NULL),
(85, 9, 55, 1, NULL),
(86, 9, 56, 1, NULL),
(87, 5, 57, 1, NULL),
(88, 1, 2, 60, NULL),
(95, 3, 1, 23, NULL),
(97, 1, 26, 80, NULL),
(104, 35, 15, 2, NULL);

-- --------------------------------------------------------

--
-- Table structure for table `services`
--

CREATE TABLE `services` (
  `id` int(11) NOT NULL,
  `nama` tinytext NOT NULL,
  `deskripsi` text NOT NULL,
  `img_url` varchar(255) NOT NULL,
  `harga` int(11) NOT NULL
) ENGINE=InnoDB DEFAULT CHARSET=utf8mb4 COLLATE=utf8mb4_general_ci;

--
-- Dumping data for table `services`
--

INSERT INTO `services` (`id`, `nama`, `deskripsi`, `img_url`, `harga`) VALUES
(1, 'Pemasangan WiFi RT', 'Kecepatan 670 mb/s', 'assets/images/1733153152_61387f4515f377b36cbd.jpg', 20000000),
(2, 'Pemasangan Wifi Kantor', 'Ini adalah pemasangan wifi di daerah kantor', 'assets/images/1733152993_c248d13c00ea3f4afebd.jpg', 0),
(3, 'Pengeboran Air', 'Ini adalah pengeboran air', 'assets/images/1733153587_a4aba936dd9d24931beb.jpg', 0),
(4, 'Pembangunan Menara Air dan Instalasi Air Bersih ', 'embangunan menara air adalah konstruksi yang digunakan untuk menampung dan mendistribusikan air bersih ke berbagai lokasi di sekitar wilayah. Instalasi air bersih mencakup seluruh sistem yang digunakan untuk mengambil, mengolah, dan mendistribusikan air yang aman untuk dikonsumsi oleh masyarakat', 'assets/images/1733153183_a500da6bc518ff3a115f.jpg', 0),
(5, 'Instalasi Air Bersih Kawasan', 'sistem distribusi air bersih yang dirancang untuk memenuhi kebutuhan air bersih di suatu kawasan atau area tertentu, seperti perumahan, industri, atau kawasan komersial', 'assets/images/1733153171_9a9eb0805816cbc51f88.jpg', 0),
(6, 'PEKERJAAN PANEL LISTRIK (TERMASUK GROUNDING)', 'Serangkaian kegiatan yang melibatkan pemasangan, pengaturan, dan pemeliharaan panel listrik yang berfungsi untuk mengendalikan dan mendistribusikan aliran listrik ke seluruh sistem atau perangkat yang membutuhkan daya listrik.', 'assets/images/1733152981_164bd72bf818132957f3.jpg', 0),
(7, 'INSTALASI KABEL FEEDER', 'proses pemasangan dan pengaturan kabel yang digunakan untuk mentransmisikan daya listrik dari sumber utama, seperti pembangkit listrik atau panel distribusi utama, ke berbagai titik distribusi atau sub-panel di seluruh sistem kelistrikan', 'assets/images/1733152938_592f36c2113552b1a788.jpg', 0),
(8, 'INSTALASI PENANGKAL PETIR', 'sistem yang dirancang untuk melindungi bangunan, instalasi listrik, dan perangkat lainnya dari dampak bahaya petir dengan cara mengalihkan energi listrik yang ditimbulkan oleh sambaran petir ke tanah, sehingga mencegah kerusakan pada struktur atau peralatan yang ada', 'assets/images/1733152958_a52477a9c802d8bb4fa4.jpg', 0),
(9, 'Instalasi CCTV', 'Kami menyediakan layanan instalasi CCTV yang handal untuk memastikan keamanan properti Anda, baik untuk rumah, kantor, maupun tempat usaha. Dengan dukungan tenaga ahli berpengalaman,', 'assets/images/1733152864_946a80a540749d6b43d0.jpg', 0),
(29, 'h', 'h', 'assets/images/1733153629_6a6a47237ddd54dba637.jpg', 100),
(30, 'v', 'v', 'assets/images/1733153615_8550624e0cd939b5a511.jpg', 120),
(32, 'instalasi', 'instalasi', 'assets/images/1733240830_5f0614fd2fd6a2849179.jpg', 1000),
(33, 'Air Bersih Rumah', 'Memberikan air bersih untuk rumah tangga', 'assets/images/1733644655_88a9ca6fe3b608922169.jpg', 1000000),
(35, 'air bersih rumah', 'menyediakan air bersih untuk rumah tangga', 'assets/images/1733749080_97790d06779ea3bd08b1.jpg', 1000);

-- --------------------------------------------------------

--
-- Table structure for table `users`
--

CREATE TABLE `users` (
  `id` int(11) NOT NULL,
  `nama` varchar(50) NOT NULL,
  `username` varchar(50) NOT NULL,
  `password` varchar(100) NOT NULL,
  `alamat` text NOT NULL,
  `email` varchar(50) NOT NULL,
  `no_hp` int(20) NOT NULL,
  `photo_url` blob NOT NULL,
  `role` varchar(15) NOT NULL
) ENGINE=InnoDB DEFAULT CHARSET=utf8mb4 COLLATE=utf8mb4_general_ci;

--
-- Dumping data for table `users`
--

INSERT INTO `users` (`id`, `nama`, `username`, `password`, `alamat`, `email`, `no_hp`, `photo_url`, `role`) VALUES
(37, 'Heri Sanjaya Ginting', 'heri', 'ef797c8118f02dfb649607dd5d3f8c7623048c9c063d532cc95c5ed7a898a64f', 'Jl. STN MHD ARIF', 'r@mail.com', 2147483647, '', 'admin'),
(39, 'rizki', 'rizki', '36f583dd16f4e1e201eb1e6f6d8e35a2ccb3bbe2658de46b4ffae7b0e9ed872e', 'jl. Dr Mansyur', 'rizki2003@gmail.com', 86366372, '', 'klien'),
(40, 'heri', 'sanjaya', '36f583dd16f4e1e201eb1e6f6d8e35a2ccb3bbe2658de46b4ffae7b0e9ed872e', 'jl. pembangunan', 'heri@gmail.com', 86464673, '', 'admin');
INSERT INTO `users` (`id`, `nama`, `username`, `password`, `alamat`, `email`, `no_hp`, `photo_url`, `role`) VALUES
(41, 'jaya', 'jaya', '12345678', 'jl. jaya', 'jaya@gmail.com', 8755422, 0xffd8ffe000104a46494600010100000100010000ffed003650686f746f73686f7020332e30003842494d04040000000000191c0267001465774d51745a6771324b766c6f446f517838354400ffdb00430001010101010101010101010101010101010101010101010101010101010101010101010101010101010101010101010101010101010101010101010101010101ffdb00430101010101010101010101010101010101010101010101010101010101010101010101010101010101010101010101010101010101010101010101010101010101ffc200110805a0059b03012200021101031101ffc4001e0000010403010101000000000000000000040305060700020809010affc4001c0100030101010101010000000000000000000304020506010708ffda000c03010002100310000001f3351dc3fe84f06e54b5cd1ef1fdea6be66fe03d3fa65fa0dfcacfea0b8f7ca9b5c9862a2bae72ec0e3c189b9e236adf80c1ab9d167786a52f76c7f0290fb829cb816c9807bb3c64786df0a16334d183c01a62c19f9ab27118dc9e3dbce962d5133bd3a6e48ce5bc3ac5495aded144c58da78c6318dbbadbb16da89e1ac59c860f2cd16673f212db241803c781993b212b0c07b9321233067b64024025b49cc2513c63098ee3896a337d1823a0d8c73f39478f5b1f99236dab5cc1684eec5cd898c183dd74d035fd32495ebc04fdaa2584a636cd9a9847a555eb3af577ef5d57aca2ec61ab9e1914f18567b37068ddd81ceea4ed1618a85d315647e1758c86675d04c1618f198fd120d84ce25247b0aeb4b059589647244fd6b34311487b6bf4a98ca4255628cb18462606b2540401ec25b36a89e02c2aea6d8c5c1b49c99b6574ea4c3e0b27e4d3236d373134facd4da21b3bc48edd9337f9a7e90c306b0b761f1e7862d16199ac2e37bc6d65b8319d5a834320d2d252017859830e3aad415b8768b3e591578472330fd0fd87e6eebf1d0067bc9135423c4920617001cd367649fe1ed5a522b4634307ace4fcbd8004fe60b6f3afdb7e36c3f3b4da78dfd09f93618d4ebccbe968a5ab55fe63ea9fbf577f92cfd1bf9eef7a3b1b9533c3723c43dcfc7f391b726a3ea34d3459d0e8db216d32881a650cd2c2af64e1689803dc743247a4f1234f496841ad462461418c4b39f64ecfa3ae590375580333b11a8ce94b8e41984e63f46242b62ceac2ea319c6586cac33c0305981ee1ea82771b0c96a351e6491b373e066004310be80392d9b8c8ac50b637b70a782432588c64732d601998c622d4b6ec22ab4ab45ad101f8619a2c068c0f331c96cd03c016b9239351e3230cf3958f95ee596c862ab9e484e611faeace59653e3491a99361fb986db4390e2f5215991f98c6761921eb1a8ccccae31a4a96d66b75a5b946a3d2701842d4329f9384da30e5246643311619dcead4cfa04ab48de04e49ae8916b353db50c0e491e45c583166d012b984aa9c785bec546318a6ba34491f85544cf7ae37ed14e56133c6c334891ec1d40443a15bb6b53db260e43a43075bacf52e8c6590cec32d58dadb246464eda7c55109b6f030f45c07c18e4d0ffb878b377b863231733618de8e2c57ba7f12ebbdaaba982f47d217ab913f34d8565c6c5b249cfdc6550b4da2591e2674cc9d2cb2f200e4bd7e7e316dff00a33f25011306f8c0296e84adbc1f76b8f603c7bec7f13eb7f521f5864fc4eb3573f740d692b398d6dcf6089e8ad647a2266333186d3c066b47b6478516bbc44a4883484c9184cb91e01e53f355961a333bc682e3c4bab50c3d90f3d643de0672ba358f00dd4fb3c3098c0f6d720d2c3c61b32c24ccd3e002c8e8d5ef9b9e2d87096d60fd278d92b6622b68c58cdff565ac6c780ca006a93802d17531c9843d69512b213a4f181847c03d662db567e610cf9f461879c08cc5cf0f803f4ec756d75c00c39222bdc78f7544de8192c8479bfc118ed166a1816c5b18bd19de09d1060ec533255c64e405b19e5ac9bcccdd13006add46d0662490f7028ccc370df8646f49b33ad4c8db62eebfb097b78641836e1e3184b5636b047094411720cc587b9356df07c8f6eb0b616ab5cfc514cca9ee24b1fb419d45b392f18b61927ae9a97ab5db6364ef2f03078d5e07803d27ad1e45ae9536c6375d07b52ce42e1993659657a05848ee7a7f2d76a690990ada64754706958b6880f91e0f6425cb31a9cb4d91b6490b0e1edafc32cbc4f1e2b73064b5664d0d4a836d01783e1efcc8bfb06d1e075a3c60d3747fa2ff002bdd15956bdbb4449f3d5d072572897e71ebff005ef70707f74f9bee34323d8d053c4861e362918c0ccba6786d726a60da33f368dd16334168da346d90b9f731924e01ad84956fa18da686df1b73975c6175ceb3371986e369a3e790a3a18d99b490f43124788db91460c48c2d1240d18cdf34256b59e0338624cef6332747440458e4ceb222d67b01ed8238eab2e83c8824872b786ad00d1217eaf49193c6d677508aef21585c79b66c031cdba2db9a670272b2d70093e338bdc30c062e4202c18cc262402cb696a951176d40191e021231fa3188e6e7d096145d62a4b219556f2d1f2d1a07a65b65e94801367a400a7255f09822d48b352132372aa0cdf47801a43a6829c9aa42d53ef166a18d1fbb3acc34337dc62dbb20cc64911613173accf2145646d193c843090c0184b38d8b1b4378255818f58cc7c6a09ff4658c8db3c59656edb6a36ed75e932aca571e7845e0de36c8554b615a4f3295400c95068fb12d25a4b17091ac74b7baa32781888633da87e1f52e968b6acaf7260888834b49dd860121c286431e316b87c7ad7dcdd327d90da35871f8958d4b96dab62cce631393e0f22607fd0df90e1e8e32a1b154b9a36d2d7dd63e27d0fad9ed7fe693f4abe03d6ee33ab6f2afe5d875cf4b2e90dc8c6da87864cdf4b4591ec316649e24330679b46248b5e4d6093cc9aec313aa1c638eacf3d030c88cb59eeac2e542cc6dc6a62b730359887b25997628c5b1c980dbacc235cb37258b03e62547c25d40c560fd00d11b3d56544c4c1a99de0091b1905c91d618b31962c6e2482d6ca79f3f0ad03b5e3d9a002648c2e5e8eb12256c95211044266e5182464872311bc96b930f272b7b1990c61bad8fc2db5b666d40c8c371bd8be6632f80c2ba8dcce30c1a992c27ea0a1dfac86a08c4851c54f39676a3f1b616a9699b6d455ef55e357cbb3fb99916574e5215863398b3dac01e0364d8ebbc6c96933d00472630ad1ec8633ba8618fd9807a63ee300c5b0587a390cb11df7dc7efbefa1b19aa55bac89232a4552b26e3683c9679523f5b18780de1601bbaace2bdd2791e7000c4baa590f6db5c3c159b75a9a3575a3c4cd9d4449696874ada8f6dc3e1eb0ce4bfb1b757b7263236d56168b2248d84499a4c9ba773143e5df18662b70ec20d7344969206531e6a92368c19e060d7a7e323089a923189a512f8da9a677f407e4e9a81e9654b662d0fcdd9cf27cf756b7fd687e477f4a5f98fb6ece6b31bfcc76209ccdd75c6cb7491b5659f3006629bc7c8dbdc7816dd145db780f7457b78b1601365a51596d19422039a1391819ef41803c07a3178d5216a629123ee8c49232c8b127bdc19c99892478f3c6187ef811b45a9e2a59f8ce7e8011d1d675a0b9e18cddc80f8b3eb3bc3f0b0c07e00630c843245c8585b636b63ba4ced4c64b5a8672a16639391f391b75c64184864e87cd19e7c51f6187d841e571e3e1fa689fe419a8a261903610bfb6e797b176bcaa8d405dfe05338c2d18db6bad06f21616159338ab23f2d70c8ddd8b2ca4261236e181e8e44b16c2ea4b3b07599d68f0bcdd2b544b2f47c31e0c611b78c0e85a21b5062df897b6d531c9cabdd30cb2f48f3d8c25aa4ed4c5b6b6bdb3b0d0c0d69c6478d371fbef18dd6d96e461c946860d24dac0679993a2a25addc195d4b65a30b8f324b741918c72d0191927800a8f33b93f3081e9368f030a2636af0f0eb1b3284c9e30d44af488cf0dab63932369efa0c61909e922aeafd0c513c95526e417943eab72d2a487b6e9a44d8fa896196e8100908c90e323d8c610278c2b5c0f76767623c54fab69fd11f928dab88d43432145a33331b67b74f55bcbeebaf07ecbdfb4073ff002ef501f20f61f3821b5eac294f56fa3f68dc479b1f19c606db218c3167fc6ed16e983f401f8d585bb5121bacc81ac968cc27b32eb1a7001783db71b59b251cc66373003288d624f30c0c4e8304853073236a24c62c2423637e56f84e84cec720d1c18b68b0c1be18f0add7a0591a6d70cc9b3c24a891b2c6de21923fa8d24c168c680e4eac2fcb5b3ace4da12ad185b56c723344581eeac2603ab5356e030cfc18c8de6f8c036496e4c3393830c5a0d39c6aea29b4b46a276a9843065b2d764803505ba1d6e6058b24a7e2a33a123d4e3aafe4cfe373db11be1e1af2da7b33b30966b5a3db1cfcd4046198981300254990a203235b3f3eab7b566d16d8d8c8aa55156a3d93ac8acf0c19f49e0cb630e3ea850d4fcce32c7bc58f8c803259c054b833deed5a242b424f5aded91c99f412a9b21d31870f18110dd7462d9e3d2dc60049eba002491e7e3e72ba31c99e85ba9e34cd6c6a46498b753f15e81617e6b1723ebdc7cb164343c916596c2ce7adadab36a2b2723401c983a98f04b27a949b22ae60f0e95f36ad9d1530e1b47277085ccf3ad2fc6302cbaf7f76fcb914771bab85b065beaf4f9f779feef65d5ce5c1f43fa8893f3f5fdf84fbeca7ee0894fd0e547e03778f08808b53a369e1e7591e9081acb1379f864f31131e3c3c3249d1f1a867e6a1adbbe631448c4acbc4789334047090d8b2711dc5b93d8c7ed8b66134ab444c0d7887eee48b045d5a9d56198368337dd1596396ec30c099b230eeb63c2cc2483dbc4186596a23588cf5dc6e5cf68d33f46baf3dbdacba61906818cb46434cd919272c233a9443c97878d46c81cce3c319cf46360fc3461160fdb458fdeded1674f18929318557b9139455ecfa1b6bc0cf5b092e5a7d600e48eeb5e63200c5da2eb033fe3254de0bc606a324e18b6a024eda322ae5b80b63936b0ef42dcb093ca004564571b38d3c3282ae9e3ae6472580c49be30b90c59d5a91090b6c78016f6dba2aba9c096a30341890d493c66d726bb445d46584eed5bfc9495b4c68b1e068c63922d47832363e30b000658018f08c48c592493d74c2b2e6d22463c6d894b43db19de0fde5c9ef11541999a6f1272171e865ccd41cf665bb150ad0c726f4ef5dcc24db94920633937339551271d2459b5ca6d43e0d7c062b9a637d39166c14df3abab57e93e6393807203d8704931bcabd1a6fa12b105f118edf657d1df13fd9efc53dfb969befe6bbdc7234c21ec7683123502c1ecdcb1d5ab40dab45d43276684b4be31463930993a272d4180337dd178045130316e4019a50c6a44c19622b61891e1ed8642e622b6fa593a2cf216a58d466e60bc25c8058068f6b308f6f2d82ad6ecf062c2d68c3c4c16c87c62e318a29626d4d12baaf4b2f29200e5243299eb467b75916563a5f018ca71aaf22686515bdc5a8514fd3c6d5ce8ee300b613b32a22dc8c8c63099e226301b47264045924832c617e3f40180786d1803db518c37758a862def78f2cb1e190b76dd10c7b9806d5e860c4a96668b66067dde0663185c650b0b19b5f805bc3786744c18030ee2dc4478721f0c7593e2d158e590d4c646c693ac11e31eded630b0c919d6c0f478df4008b936ba745659f9753392622bd0ccf245be471b3dc9c9ac800d62ee14b196bb21b8668f0d4cc238b0c2de348d8c0fda01332867466182eb1dec5d19443f255bcea8f18ab8186a753f7191e6a950c11e3d1d28316dc658d51b9b2cb2848af540144fcb4f77647a7a992550fc9dd65c92a872176405136c62bc8f90d396a7edde0279cebdedc134c6892995d1e7e6daeec34d0c0e365d3fa22fcb8fe8ebf31f677e21ba7f9cfb0e7faa2f2a2869e360d52b40000dc3912da7b3e867b6e8130834e62a034aa2afcb9e43be12b7a24a2dabfa781bacc9f73c3df2c3da891f4c0b09185b94c218f0124d21c7d89976803db32da2b82cb11d1ed9063dc919e4f95badadcff0089d3ed7dd192711c8c35af4b6deb3ac4449b5390ebd0f25b8951a3317741bcf1bd8bb816a4f05f513ad0248fb816a9642c25a4c6115fd9239574f0c9e7edb1e675b266dac878b6d59e3406ddddd4cb185924e4b98c2db2d8ded6da1bc2285e2cda4e5eea1b6efac63249c062c35b61166e8efa3d81bdb3e82e7eb4535fa4e5a7eb92c81c57a28f0e4e78e96dd854ac96d0cb2a532c58a83212899ba1b743f7c2c99243ded6b90e43236c65a8356eb059cdb09dd7b9398daf0afb98ea8e06727725cb59b436ad31ec0c1a7f9245a3c798df70d1a285b4000030319a824e847d9c266dacec82a491e99dcd939bc0eba6d77de4b3eebae18b8938c7237a5dc72ce5b32367452355bde5921df0c633424f3ccc57248eb9d5748cf305d7aeb2d47044b2723357183dc891d1b8f58a19aa6631d14c82e9f7339985f8efdb7c8be847ed5e1b92287e93bfb18f3c567b67ef70711df7a70b6664d4efec978b7e80f8cf43ed760c67e27fa141b95fb3f8d868da221dd38c33a8d618b2c329c3078061330c8c0cc1c9c991c97b9c9ec27ada6376d84f8ea32cc11d370d61e480481f1b2511633ab21206188e9512a7501c9cb3cc47758622eb83058e19060787583693b25521a959d6bbd62ad4e56089eced4a2c5d2965b19b6838949199599e4e1b00f778585b50d303d8ca7f2e3753e73f2d7de8bfbceaf16eb513d74db36dc21992d6d18d5246d78fabdd644353373e30c2c64b5aa36b13c93701d72cdc96a67c324e8c55b5abb15d6a8582e6676a44375833280c93c037172dc64780d06319e70f1804424f39a949a33760158c9f5a754667be46a5b0cd306756c3521ca46f05cd98585600225701ec39bdaba5830e456aed2610e515ae684fccb53d8cda6a5a63522864ff002b73e764b5b5aa4e2d8519e49e82a26dbbf70e6c47a962ac2990ed16a1906a1fa8a3c9f943d9d20370d46615a0cd5daed55ee8c2c86d649b39755c57a062595f28e9d2d58cff0074ba7969ec774c9fcd2f653736575330646a9b33ce98db53dbf2f3589f68eecd4003984498e6d0d66d62de0f8f3085842c05b733f98f7073f13fbafe6fddb4cda1c571dfd33cc7d33cefd5e53466f9d7834f9f52c1f2e0a659fcc757f55923a46eafc17f4fce4aeb1e7b47569c6d90b555287b928bb2e4dbbb24ecc6d75c64fa0cf1bd098f1eeab2f4f07b3bf0fd30ed446c680e4bfa006786caf7cd3464f98b64e0cb6680e5a61f42dd490cf60f0630b68b25101118c8b23a049f46d3c316df4ce49456475a00f196277b864c0c1743b3f4fb69473c2d68c3059f2da66302fac77e3630abb006e6058d75ec87885f9875b81cc0f6b9fa04cac65a161394016096a2b2c0c2c9612214b46fa4c061cd2e57c62ce788f752e30e511ba423cb284cb8187e909727b3364191580099c86a5780b2878d98c64ab76a7516b199bad7306dd22a12d460cf6e5c8406102a5cce494fbc4aeb5dca9c90e5d6722c8cf3ae601c49f98684e91862e4ef700316590b56eb0cb209a8910b8d1ac5609268c31859366d59ec20c4cda36b60018c602318b156f8cad2492ddf7f067b646dd7d9cef4e00c45a2dacec8cc49031b45d5bc4890173c6d926db8431e2d10cb00da3ec84f217b8dba81f1b7e018538d5d20b0ce4e87f5d4196ca366136862890b6c3e3d892e678e5d58df58bc7274b4a2f86d84c8779c7e6a5b18d3673c49e0c15a19fd21f9175a722dfd15e5756c8a13adf9471b8786e807a3e6a5882f9c015bc9e19e27d0fbebe8bf857eea7e51ed94aaada87f27b1cb4c32d6160c99a23d09f70dc835e967201674ad584efa1c8f18f581bc323db18ea8e22a4e23b81325cb03dcb163dbcaa827431b5606600ea2d1243dc097e84c876483ea2b3478de3d8124c8c2c665a023b801b87824c00fd0601b998c1b4f0d6669ec90f79f183188886a8c4db02a881dfd8c7f3dc6fa94637c72674fc7999a10c9e22b22b368f30cebb52494518d674e3af2eb57cf9da4e5c133f31d5c4f334b585f04d20eab65de4d39a0bb756a71661729b4b3d8c9cb0bdabb202c365b97d9f9b213dce88710bc746d32c19dd618de3262ebc8aea1d62d5cf11b9d9d279cae7b27eb1b1783254c9fbe5d78e6e05bad4643e48baa3da59cfcb5d0315e938f3135d2dbb6b045b642f6bd5693093e00c64786099b6a2e4c2ba865fd039ca4dd6e03c2133faae24b67574628d2464f19cf596334c6b78b8742c7b9f8635794939be6ce97a05e2a872732490c9e12b29367e87005f30427b4830e2d9b5c75e94007c4b4173f46bd6d613c0e072659346718028750f0c59a181b08a7e6a64d0412d5f0a6106835eae4c7f3c3c5851b9819d5b5ca641ea8828cf287165bfa73f19dfd1af38a49cae977251b4e764f9eedd51c85d9f58f4a6e7846ceab9d357b1e9cd7be33d0f527e97ff22ffaa3f1fe86e66a750fcd76f92e0d62d5ccd23806fd09dd5b49196b786d246d8486f0cff4266d5eda33e6b4968043dcfe80c6fd4868b901f12ea8e8b22c18c0df98b3daa4ec86461a731e34c3a2da2d84b923a307b72879ec4bf69a00cc3f0cd478d72cdde021fa3c351398b36a20e3a8a93d8480e59809716b0164ab224613c8723cfcc668db3659654acf7a86c5d26e564353190fd248dab1a8378c171564b200615a69336708926a073e581ba61bd1a8a933699ceca677be1b7eae8a3efa79d9ceaf176189b2b199f3d81a5f633c71c98cd767baf0c1827d0590f9ef6a074e4279b2c2093c792bdc396a31dceda1c37a767b5ba6e209cf4b46f5373781d08c253451f6e8cba63762b3c616cb3a71cd41acede67e57b15ebb5c918cc2f06c59619beeb0c0e55150d8bb399e1e8ac3f7d341991b9c9eb5d26c3d081333c80675a4616eaa3772aad7449daa24406ac9390e85c5667bc3d85c0ebcde02cecc9e704d8abf9d444f335dec44cebab81619cc08f46b230e60adfb1a2ac5f1e3f5bb4cac951f52b52eae8ade96968e93b3ca8f130cc92193e206c965c628fb121a5489f230ea0424dcce3cc2f7995d5c9b7449e57ad9a7f4e7e468a2e23ad76bdf149c5785d367ef6e09eeae6f6384a99e90e72e6ba06d460fc1e97cfd0b7e7abd4ce3dfeea0dbefe4bd0f3651bd45cc1b6b0ee31d6c65206a339b80eac2c63f0cdab3026795b993ee559a0d424f5803c539064ccd8b8c6f3c842a811e19f7c325ac2666d28bc35198d3507b92b03c3df8643decc0de9908cdae4d4984adb8c309d3406a6a3f4059b5ed9034d24ee54100d255bad6d5a22c8b1f83c3d8bd19e426144496781983f486b1725aeda7ba2a6613f6175316b89073f6d081ef396118c2b01942dca0d3f9019e6da73d236759e6081e87562c7723bb584cc2dda4f5ec011f7a964fc3c7e3774ad06d291ee18e4ebf68ad1aaf83d93d02e5730b94d46fd70238d52da5af570c923dd2c8ccbeb73f97257a574249f8e5e1e75d36f392db6f52d62d4ce964aa4f4fb0b1768b555d62fc1aa0dd3318695a4f19231965df39e7b7e959d3927e54b2c5d8ab4499184fd080cb56188e9180723dd5c89b1cb7242438006aa7185d51fac8040efb6469cd2c3d45a56be218df6654411e9852d09c9d443734d9095cf1b43ba423760d53185b3b191e63b472c9e23a3d8b6781ddff003472dd45dc90361c1ecfd935750ea4e791884ab5d1b2de459b419ec05a819cef565b0e3aef2c20597a6b549d1bdb0c944fc6ced774411af21d619cbfa2bf1ddc3d346cc36f84a9dd087dd9c43e57d277879ddd4bc37e4bbb557d93c3d3f48e94e6690a5dfae878a4eecf0de9abde41ee5e2a9ad84ba80674a692350c7ed0c28b90d8583b2d8c1392b312b64d1a9d40601bc479e18b75b5eae3d6c96c48cc0615891983939339391c80c649587bc47a42c58c89232e8dc9617262dec9d1f9c96a27445da786d8d98b9cf44692023bcab7cb20ce47b3b972d64c316c016d1c82379266218cfb98d41a2c1ad44ef0b36e8b00c75440626ae806f1da52de093f7f3bb59f976f24b1f62cc81ed6f1951327dcdf6f7cd3245efa134a96427c9ca2d4f6c540e3177b698e7847a1da86502db62b6fcd4003b1637f6a8ae85bb316c9bc90617bb931aea25bbc55e1044aa8e9cdd93f0f4daf26762eb4d0c64d3dd77274d36e39273f4a96cb2e4f558c62d7d2ae33e7c9b1fb98331e31d7057b15e84d05f3c697c3684009788c318e536a59fa22781b0ccc1a859eb93480016d18bdd447db432db0690a2c1b5cba4144652bbd07a01f36bb8348c396c1a99b449d1cc703ec68c19e4e954e6b7cbad172e787194e852612fd3b242fd18890cb44f81b95059135a1648c5d9d0c726a7109805c7b8be5a64ea2add2be7e99caa0c97dd27f3c2c6fa0655ce4fdacf52ba5356130758d4953db3f3f836fbff427e26cf84e591a2b69ba19d09cd8735f9cec5cdc797057be27d549a9de81a1e6b835b30cfe843d08f0f7db6f1fe851e4bebde60e4f579f913d1e84cb3ac616da24ed47818112737608b906eab1e118c1ec63c2c318c496f2c2e53e9e1114a60dbbbc3530ddd5924e11e01c809cc31a8c184ac1a20660c78b75758dc9dc19be13a23ce4f7b91b67d908c0dee0892311d371b2007e8b64d06748f8cc31a91632558c0e00eac26556f54aabaa959e9c49db637275ac325d40648c924673cc479ca1eda975f0eb0f78d39ab4030c22f11dfa22436a50e3074fbf72ef45659a34dda7a77484b643063765bef3b352f7d44c94e4c18f243c2689c001f8c50db861e86449b5658db0e93c879818c87cb68996ad2f281ebed1904eb187e8a1d69cc3d6c7a2a065e99256a0dd53b78728f62c27467dc9243248018c659da5692460ea1b2308cb45aabd6a95927de30f095cfa634c8d433a3655cad259f57f235460740c939bc65ebac40e7eb09ea9692ce7b71915b08c17508f7630bcab99ed445aca7c0e90256be27aebd0b619ce2493dbb089c79985211bd9d86ebc49246b3a12bc68b09833d97060d8bb98ca3dd965aed434853430b3cfcfd2f98d93ac51a0e306aed58c072ebddcd0606d75aea26ba3ccf591dffa33f14d1127464c3688efb59918718279aee33ddfcfd76784f47bd036bd5135a1ad89e8e9afd327e477f547e73b76cd237ad75e6bbbc7eda60dd0cb3e866846e44b099b1d46786dfa68b2db9a6d756ddd62c6356ee25aea61811e3f7cd0ead4eada31a9ec6016bcc4769c51f9916031aa5ac8c1a8c18c59bb90c33d72c7f6ad1ab938c19e2c95914461e00db8c183191072756d2d62e198b334c39bb3995a24d54cbd72dab800ef99e034587458488c34e3912d5bd1833e15a2f70941ba47f377cc79aa3c6a4981c87046ccd345adc984c19ff1a83d1b4c5a3d57c0ce48dfa7c8f10f5767a521864cc6495a456fe019173c3f5a8ce11519ec39c0242068c37954637093b50db83243ec2dd8551249fd5cccccf481cd8c6d1fb21ed5f798e2bdc84b99c00dbd6f1bf8ce5726d46d9d315dcfc351b31c8906a4666d4511845d5a9929e7c6c99752400f7ecb206b49c659156d7e645ec33c6c30b23b8039ef1ab47e266eb5be37edf0fdcfd81d7b2de2430676787c732a62fa88ce6c3c5f456f543aac9f871edc5ad5ec9e3ac6564cf65b0e175a36dd2b7c2b4923db5504a9ee9c596cb503833f2e8251d1115a669b8831ed9006325b912c6165830e083c627ea7ed4fdd3f2b3c3586ec71c65b34301d6333aebc7fa047a5b9cba5bc7f7f9a5a9647746e199a067e807c07f54393d3f7163cf08f87f47c3715b3a255b225a4859a898add625986acc196972580341bf7456f9bc756d78a47599d74f6bdcfe36eac86962462416446316362e62218b698b1625a9606d3c05809dc33c63acb6abb0a899e3110041eb06b140c1baeec190c199173ce7185e27e8186130cdf62baaa322b7f1321f2464b38d1e3370f5972d11314e1a491827eadd7718ff954858700dbab490c1a43a4ddf1b93b0891a431e3d4633bab56030c67ddcc456d08cfc6ecd317826491bd37d2eccb3bceeb526e8f5f9bcdf334f2ee693d7a61259c8c61b56c9206cf8c5bc352cfcb6419b67f1e60c28bd81b5a6b98b359158f4d910ab9ca60d4a592f718df0c954b6a5dd85bb5a6ef0100adfa89d438e63dd8d120e5a64eae6a63396b3a361f3ae9f0e5ac8b60cf10fd16c99b523a0bd0474d3e39b513c9dea3db9e8e16da36e8b56b6fa06c0c2433d6c6477fa78b0dc9b5656e6c03519b258bd572dd624327836816ba355a2c659c322ea31b49246591e1a48313b386f0d411e7200907bde2418cb21fab4752798479edd42bd6db3a37432062cf583ea7c14bb28796fe93e26ddddb5cbdcf8f3f71864d305853db378cef24f0d5bf36f1b45912af854c2d49a8e7beaee549e7c77eac9d690bd7f3ef49cc15bdd94b269618c3f305f87c7b8c3de445159e353463692c4a9c199241a6760cf619a6a96c4a79a2491b7e6a04566a2563960db81edaf6ceb5e618b0c8ae3da2300c78c5879ec8fc50da669a513baef98c9891890d98d096ad05ad1e6da342ecbef849f93d9b6a900d6a5a3339e8dbce199dc9859cac24964ca4f580473712b1e48bd0c01c96cdc675cde6999244ad16cb3c647518a06d1a9116f6c2aaf95ee8e36ebe98e42a452db8f06098ae6fa331bbc30b961cf0360d1e3a2ac5e247e49d9ef1c7f613597f1943e28ea5339806c33a656e7e7e0ba59e3cf00e4f7063364b498d9ed1e19d645790d193866a2b1bb7490e7e64be1a82a59e33b68b9f8d033fe3249ba0e6d60666011b37613349d95bb05d4eac5f37c6fa7d909f9986eae87b2ae6f0efe86335516f3044543d693376d112c956608c6efdb9445567261164acd5a61cf0b35018d3da21b96a7d346dd32393c419c9cb9fcaa9cd26a2f53e84956c9e3269a6be6edadbb98311d0cc98b68cfa649c68c3212d8a1c0113567135d3ab19276962666cde2afd245f51e7af678a66e0f71e6dca3cfb0766236cee43795ec0899837dfaaebbeebae437dd4533e7dfcfd27673fa1cafd00f7c78cbecc78cf5554737f6072a79eeac259e4ec37ad1726a25b9908db8664031ab7fabb13e8dbaacd37d0f06095b51c2df0cd1d5842563345833db5491600d32b8c2c5896a598607a0cca24e8b506b5c8778d9232548b5122e5a4441fa8492c8eb5a3d265510fd1cb75c016731b4c580c2f4dc03060c7c9fb3e6f55c3703f42b811dc36d8f39235f149440317439130f0e89ec84592429639079985d51615336eb573c72dcf5d1002672313b22d24019f5b21b3f831b3e36eb82636e5bee674443009648e51b99d1a0c9d1196872009d3146878c8b4bca7fcaefd9df4b492967e8e9b2d90691e48048a55bce42519b32316d4fd126719629f034585a9bd32fdf0becca1dfa6dda3952e3b1613540c61762e44890b08caa030b5db6b478493000332562d87e0cd1aa46f8c5d6f12be18d8ce7cd2fb03454acf6fa5b5d0318eb767ad7cc797c0cacd3f97336fd75330ce848f31740877a81929c1aca052ca6779fb68b8c22f086c6b274d303d991b41343b6edebe9662c30cba1d4f6a72d29d4c6767c22c83aa990997e1913da96a6d9812cb2ae266718067ddb5c14bf1644c5bd4f9f02e6a71d7b105f75a49e0774cb221efcdbd51d649f1ed67568fdbb2f8a2ae0a1e3a67315b2e137f37aa3f43ff00986fd21f0fb762f25f61f307e7de9e9f8a4a19295b6acb0ce240a680341b4d1c89e43206a731d9a2c3675b878db82792aad2d7fa46e3d216d9d9bc8591ed8c93c3e4fbee7addc8f93b48c33db432e884acfd8b225a49305c6d0940ce9d91d5b681bd139a7e2467cc69b98eac735137c49cf43ce4059b51a6626cedfa063f67237ae71af4ef8d55bab0f57f296ad0c8dd3c74494424e5fc30dd752fc912260c7245659873ddb5554f765d27c3d9262d46a87ee95cd808f395146ecee51e25591449ce16449cd6c32770198cc2560031d465fd18c64dcf8e4b1e00d59644ccb0fb2ea2270bec9d2a5b5e6b436d7e593b863ab7822e6cdb1b598c5b719e05c60c952cb2246390cb79c6b518cfab39004d1287bac8af581998b6309f242665c6c9918e86224386ec646f478445b52cebbec6d24903eb00677e721700cb200a16daf6cf1b62e781c6f066eda336e87b03475d109465ba2d9031a780041a1f6b80c5d26d56d68a5d63968e98ae846fbaa249fb5b8d390f7f184cdf47609451d30bc243dd39d1ee3da3a599bdd68b62ab5d1ac49dea4e13105467c7dd11d3bfc9212d16c29e378f3ddf8334cc6accd3361491eda4d98583dd69f771d7970d501617b61e2c77fd14fb31cfb7cd75f937ace3f0e4eced636b6b9654b78649201a23078d21164e30bc03f2369b16591bd24ed595c56e0aa2c863331c835b003114583ac9e00fc2e4ec2fd0607e0c0dd63969a352d87ac1c258bb09ca87aae85bac0c39574a58649c0593890d9d4ff51737de5e2d4ccf91fe8152d7169d8641180a6b4463a929e59728af57f39c6d596ea7871991e1ed84183920ab1a23d674789907f617b592761726da1d574b62520a312b9230bdc2918c6dc4ee481e8050e25b7778111e2703024c8ac843700e1cb1d746adc9c330945938d2701a98391f1e3d6c7b676a31649c36dc9d64d8558ac51db1bf3076c25d58b95e4db9cd3ecf7192339b06eab818514eb6106b29c729986b1a897bd1836ef915a0331a890757202433bcc7b6487cdbb8f29690fdd59618658afbbbdacb23c1ce5b4db09eb38ef4dcf0b2cd9c66a99ee2e24e4f7f28cc6c498686a06c370368556d568e0520b590d4ccd74d57022bd533bdaeceb6574b13b8b1966d19639431d74190f87db518615be4874d8d58e4cff580224a24ac98b2067355b3e1a12634e18232485be83c7dc583f49c73d61899d8d2e1b0fb5c8776d25b0b9604bbd2b2dbad62c67e61c466e39552dd0eae94db230c9d7c7e9306adedafcabd3f16c56d1ab94e18c6d93d80603f3d840cfb523c6a253c8f5e41bc4ac8a641919f340de790fb172c5b7274c2e2a666ed9c62773d4e7201b5634b3dd7b9827204240632c202195a356db58b52dd29e4e4e0cd0675dcc9e972eb0e6db0383fb24c2768190f774197a8a886d4e7d65805fe37719f9d6cf21141eee9b4dbe497beadc1dcbd1bece78c53c27bf673f63e703efdebf32710676eada6794f71f5f3fd907236741b46d343ad646f89aba66b621f6431b5b03dc431f81e1089eb6943184f750c72d8d4f646b3092318c3db4ffb84407819e064b90d3ad16a723d6ccd1cb40d2431bd34ef45279e5f76f47bb6b764724d7be81c7824fbc0d9185961c00c59244636b02203906e19e3d2461c33702421a1d9bc61b55a9386cf2d08c1f6735367866485927dc9cfad1856dbb06e7e78177ae538f0f2e93e90953576b93576832e63284445f451fcbb210e8a268793b0b4f5af4c62e49a00f6b1b71e0e591067b51c839d61fd808b0e2ad3b2630c398d9fa29916538db71c78cd50cf736ec397587b25666b83e37dd268be0347b7a187ce3f47a86be314c7d950037c55c250ee7197cdf766b4191597a25c985d593bc623a51cf90e2cdb4188adb67ecbad7e7eb1534dc0cf127beaa7d68f45fc9af5a3c1fa4e69a37a9681e35ec2f601f604983123493e3127046ce8636ac93c7a30fccc80d5246d60b58b0f7bc3a49bb092ac1e1e002b1cb7256c19edecf3358e9333cd551bdc71571cc1cdf278c5ea27431c9cec1bae7a760ea79e2ebdaa94dea29cb0c88cf3bdc4b836b1d3b8dd0b78beb5745ce56e704abb28af23e9c4f63d85a67cfab6a3ec5c915225b8aeb21ad9371f696dfa5a429772a44bb7a50a770748faf189bba69de751172ec8b2f8e591dcef4674f2f14dcbe9840b982e5e879e1205d88f5d1f03c32076152f7f90aa1edb72ce6eedb276f7241df03d4c8e3ae1cf6701cb4ca80249d2aa5ca36e5a4ebd0cd30a1e0919ec5c31e31162469ac720dcfb3d719ff9e5ea246eafc6b391cb2ae8f5f6ae8e6d1ba67537c8f1eed41cf9c54d5d980071536f6c309be360fb023c6f99b4bfa366eb17872619c25b5922acc4d8cac5ab4be848f5261a4bd49e785a7a2cb1a12eb5ae42b55da366b827fc72ea6fb196e607b1d7a8d58d8a3003163f21ee51ed1cc9cb955cd4b2f8de8ac157ab9506f2b2fb9273daacc748baf259995f58b97243de0ea5479e1eccdc6db0c75de160163f5f5ab79512c200cf677dd949357408db5f2bb4f5c366a8fc5c7c1c9f41c35b155cd209163af48efbe9bcc8460dd69e6e8b6650b334451531d2cfaaf7c517df4cf0f7a17d29fa97d0bf153d78f1de85ef947b1b96bcf756b43db77b1339589c2818efae538336bba5b5c3dfb376af7647e6162de1667908c5894435add65b0f968c9e339edaaa379b40dfb012023bec03953a37cf7b170978df7be75acea6514f5bd2eab44bafcffece83800346c6519ca3b2f5374b8a794d36f74f27d3374e2ce69d3d14b394fe33eb426902be9687d33cdff26edb8970943f7c8f45219c2594a7b499f8a8922ee4df86c61fd9f24e12df58f4e2cbf245655fed13ff00876fdbf9ed93c78db61a3a5e915511fba0a39d22fe80bbb23a1fa0e90a54476f739c27a9fa5e3793e3ddf54676ff0035a11190b3d9e3734725a98db46323daa243832c331119623d090d84758430d8609189188c6016922a9807a83e5c5b52bbd864f93e6d353d02ad3af79dda0a40dd304a366727183f547731f75db0da5a93f362489f98185aa59a8556cf7487b28a8f5f03371c7906ee06237c4312f43b276f9bf1ef4d5868cf988ebdff000c627824feae645b281759830b18b18c23199206000bd93a22eaca497b634929968d1b1b43f6ec2cf927efd546613d0e1d32ea8759ce558e05a2fd46bc50bba5ef9f8f177ab6d26f6bd5de4d1524deae393d144fd3a4dcb98cf61d39a739681f940fa607ea38bbada22b713b6bb301c9495161bdb699b9df80586be358f00f76f747724249dffc136a7a18faa3d65f337adfcafa1ee1e75e90a8bf3cf41cd866fa54b9846ec88de99b9691f38dba13bb80f77e0dcb646a90e046c999c7973e19bb92d818cea7b1cceea786ad3d9f1578c04e20d74146d093ca62ccaec3a6f6419240dd67a7b6a31cff00d15e6ff680a655670cf1fd9756f1bd0ef73d512e934461fd30d7c3d09d23baaa2e518f3bce5c706860cee24923c06eee6924864ed291c0ab4866f830121a38e4ac88a569260db873e1cb70d1de1c966a326be6121ac4f4f6fa5baa3cca3e6f41ed64b7c7a9b737d37a8d4a55dd4ece8d33d8d05e78ba0ebbe7966eb7a7f38e311ba1b993d0fe43b86ea375600c0d248e4878cf215cd1e720dd57b30044666a49984996a59f83341c6e4f1e27b9a4906e9986fa8a61336a96d0c919b544f243558df67e8d93f273f075bb971b12b3b48ce2d330ced2db96dc938e92528796371666409e59892600498db4dbe9b0f0c50fa18ce3aed6d4cf2adf644839e7c195c016a69a29361e8a1b6be51807723530e06837a28c8d3cd08afa88dab3cc403d476a19e6987e9136fc3cfb33ade3c99f9bdb6fb8926a81bab946c73d990359b349d687927d7b3d877531e1ee126609b691ecde6c2caeb4fb9b74fac4a5d5f9d9d8a47d670713fb8316cf9ab12b6e8aa2570cc0c63c2ccef74cfbee8a758ec48cb7439d3cb161330f65c4ed2b6bce8f423ccfa1f54185175fc7fddf2433cfe01b2dd86486bafa5ba8e9a4ec7287baeef4ac6221b72ea02cc20f0c9187518fc6461c963bfd1a60c2258fd1b031ee1864e58500d28c7669a8aacdbd299e168f3c5097b96efd21c5f66650303e00f31fb2d854cb958a8b749e43aaf64b68540d4c37f09e228269bf3689e36fae6fcfba12616dc344dada6e33d04ad096d6f3a7e056e1b23b2d1ad37a51364611ae3e4b5b18b7c4aea885ab52ea4307cfbb9393145314cd9e2ae1b0ebf89a04c82deb7b538327337b5f5ffabbc05eab8fdf7a79c9165747c9df8c595c6a753e7a2d0bf4738d7d7fe3906b22847bea78c9c811b3c9a604c7a422e3c4b9121a23be8c79f98dab0920772108fa55e6af7ec6fe8646789f3f75f36da68fc2a06dba7431cc6c9d5cc21c84cfd7ed0cdf1b6755b521dcd9a5f0d51eea27290c7a8c192d80308be8795725b6bceea9079fce41e85fce0a9220ec93390acba0e8a5ab4755e6604c54c32fd8d44ed66622b7c34d09dbe8dcdb23d7443db6c2d8214cf66fd0a886b806db28403a1c017cd21f48308ca5a3d71b0b3e5748ce63d462001cfc30af63573873ae8d03a0465d1cf6dbd0ece339edaba4870e5d6aea26b9d5f9c745d5b3d24622db87b46fb8cb356aa9a2ac140c8d58b45f984f58f619e1df312f0cf2af43cdb21e1a8bf6be78af4cbcca9ff2acfd06c92aeb6bf03fd4e87a73a139ee5a667039fc55cc9fb50c3039390662e6583591abe931b720f433e2230c9258b52d8ab63c13888b7e262a78bd1865ba6990fe24ecff003f698d840309bd7a5bacfd33caf659c6712e72f2bfb443dca429a32bc7a251eab86b33e017f99df309ae30f0efa0368b0d9c22b33c61dc7953243d138f21640f7a23d05fa311905357ca30e7a23a1b5b76f28c6fa21a02fb87b69656c1958612366c8de66ab304f5d3430b1236c39e6cba6779bb1dc3d93e34dbdc7fd17f42101e20edde3feab4b779549c99532eae01f5c281f41f8cf1d591c7f33ec7e59dbdbf25daf5c7732d0699b0c19d40659a2cb22bc3de33ac2f4b968578999ed697cc92ae3b6f4ca7563edc1950bb18b2b22ce9f30eba8bf721298f8c611a7ddd7f006d936c62231eb33e852104ea8d77be328df7501ac79d6c9e8eb3ab7e681fdfec946f87a557db564ac5e0f0f1993ad1589525d87d0848ce8a93f229f39da4ebc60e3f0ed05b93a4edcf49efcf67af57be540f0165e424c1724d1b5602560f34b59b4e534479aa67f02af1ada442aedec867190c464f8c64199ec83d673f7de8cc9e7fc7cd636d463a57c246251bb8e9a8b136200df42409d10528ce22b62f261ec865f13c4febdb83d8711e11592f53c37425a8c19eeef49f9efe847e11fa733d1bd2755f9aef57ac93084b1cda6013364a47d1965e7508f0f7adf76a3da33b0dae4853e4ccc33ecc0098392be55c1d8adbf5558932d6767da679b2e3a55e09613274547ebdd7cf4df9b3cf7eb2cf2dd22b885e2bad02b3cf0e9ae359c4d94d376a56cd0316780c9157f2e5b188ae59ca31b74d1bca5911b45a56cc585a28982ad9f56cc047e7d598bd15df5599a2a96ccd084a93427e10b3e62bacec015df417ae8b7c04b43f45bdbd7d3763555d048fb6176df9b92de67b3f79af2f13fd29f3ff00b955ddc05704a2aec5f2e7d7b65ee7e35e23caad1e48f53f94f63597c4fd034c5d5065632a6553f6d00c34792020b14456df2ce81b4681ea2e550c279806058344fd07beb088c2dd7ba11c9674693cdef02fa109a4dca765b4eb4fc876ab237802c13bc823c7c2423064e718338e6c680a49815f696123b2b7d2c8f8153433a2836b397587ad060e4b47a96378d73d81d0e8b35cd3bdfc887364c2c26a491d790d1c8fd24adcf09e2d4f86b2ec96f330744fd62f1c78f193ad94e5ac19d5c672593a6758efcc048be961a84920591a56fb85a9b52230bfc964e6b795594c2d1b1a01547bad89dca4b75b09c5c59278afdd36da84751b4112db8e9fb9bf42f3981ba35fa0e36ef0ce6509ee0f68bf3d7fa2cfc77f4346bdb163df9efb3aa2016bc7994551338d98c8dd734922d91b19f86da4393bacd9a40069cd7a68901b5c85eef0eb24088a9629815a355cf0535e6cd7b21b527ef4ab86dfb93b83fb72d3678aa12a6d87b3e59e274db3ed1ca5805b57e0559b58db048a10d6d4fe26078353c45754566277f98a2d7a2bae833e625b8bd3155060da39222d1db3eb0dd12745b11d16dd8b1d4fbbfcca386126c6589263a59f493e6c6759ed6c399117b1b1b8f0d2145c8641a48dbacb3927ad9d13de1c06f7cdf77fa0db5bcebeb5f3dfbdd05db8c5e75328f43bce2f526b5f47f81f8173cea5e24ed7e5fd2d7c79ef71d49ed899f39596edd9ceb5edaebdb7ac50c39c7d33f307d2f9093a2f6db30da8bde8bdc0daace198dab9b6e60d6518a5d3a19a964924273545725a0696cefc0181a1f1e585cfcc833228b8cba39abe9d26e5cd2f7a5f4211cf9993a295e76720bdd4a9510b732a672d163a50c72fa3c0421ff40daa67be0ad03b753cae9d6dbd33eb39d99fa784f9f3951abac74fbf79534ebadd8be391bb3110e30cec60d9be4272ea8186f366f7d804f4565f0b2ca94cb5d61949a179b930fc5598d58e8ad1862d3cc36b130323ab3a9a6fbd13368c60752737d13d294251c9d930ba79b2fbf67c5906ab23ecf884a6eccf77300f78bc23f63fc17a8ef60118dfe2bfa6921adbef703895b4da118727b645b1a968dc61e9b0b7abb1b9b21cab730d59c673f0663a280e728db0eb7ce3064727b7a96a366d1f41aaa59b79b9e7bf70d2c84434f663d4b3930dfe2564754f5c35b458027cd06895bca3e1230767049191c7c1a69f355a762075016c45616b239b0cd76fb8c3e2e8aeb36d87d96b537df761a224a2ba12d5da49f75147098394db64c93e8ba59163d1539b357b44db52ce488079b9011f45d40a66477c459844072d17b6ac2741c7f61f11bcc1ebbde692f9edde1c4fdf78fbd3ee56a2587547167ab3cd5e8ff9dbc2296f7579bddefcff00a5edde39986e5ec6bb387a549676ac879e2794516d75ef08deca3d1dc6426463bea19eb60c4efb80ccf2159642569b067c8ae4a8637180255a1a8c391f80c8b3906066cdd80e41a21ab24ac1acd4e3239226c092455b4fb62e95760c9b2d58e8c5dc0eb46e8b5f42651b832ef2799b32751672736876617c63be99da23f168d9576c21c812431d2df39fd6d17de9482c17313469e32f25a9f442ecdaa9711761a31bdc1c80470635364af327e2c515b3a5cfd27f0031744c23b60432a60447c3eee53220f21d48092311d08efbfc59acf206e57cf7def187bfd33c64840dd5eb443fb93e1ffbddf9ff00a8e82e6fecfe39fc83f477e64aae43bfb363e2adae5ef120d91db93c57a36431e793a3ddb68fcdf04a3e82b930f3a1cbd0e3d6bf3a09f45d1667cf7b0bb19fb671cc47a8fc70e27ecd5112c93ce7fb302815a36ff2a1e9994f98d371b76631b4981b79bbc3f40ecf24b69a2d5c7819393b10c2b462d0c5f1669babab0d92df6048c41759be9ba2c1457778946dde6cfd33aba93cfc34b991d4f330e64ddd77c521e8e43636cfb91aeb3a69b926836d724f2e6bc274d0da89e8d586a44c4dd1023390cb030cc0de23a1e37dfb30ef0f38a7fccf79ee771cb3f5d713f77af3b67c70efca782cfc25eba71cfaff00e73f1a9fba4f946af2b6ece684980ee9fb17946eca35d5d3ee5bb9b27b0724864ee37b5fd71493b6fddf96330fc9ce04609926eb1b5672dc1b7733401b474d56338cfda0c8f12fc98328d21185b2012a0d8b8c2ce4b030a3211819d190ac320005aa9b174b0d79122e8447a13719cd2b740a014599766eba2a8decbd02a80eda0d99aa0f9f8a26147c851188e6e306fa07bac780c0445e00b6831b71c9f819255a62c590faccc3f21e89837539fbac9e0e914cea89e21cc8abcb0f4a33c6273a31b3a248cc371b36c2c7235d3e130b228ab3bda70a7e4807fb6f3067e927f3a3fa49fcebd9dc1c52c1e7ff00e5ded7b4a1fe7474cf626e9c9b4279bef5751793bea1f2f77a0ec2e9dfce899571ff00463bfe7fa4fc6bfde93ff33700f1fe83f55807e5afbc23b7da475e4b5b4deb462f361e21f635d707bad8bc4fdad1a1e6d516f8ac2ce781778645157539ba0d8c9540db063db2cf363e10a3b97a68b650b1892569363687a3f3607c5d0a359aad82c6596de55a24939a055cc9ce690e72fc6736f6fd1e439b61e19be04743344b86417df1b414d06d848c668e48631eb334c8b1260f8f0721018d8f63c36b276124c1898044cd1833e8eadac40e9e18c18cd1b6632edefcf29ba2b8dfa87a65c31d2109e47eafde109e2af51fafe0f83f90bd020fd3fe01e26395d9cfce9e5b77f3ad90c3a42e9e33b5c9fdc2b8f9efa422b162770d1419bb6bc046f26a6854ab5c7b852cc3d03a2ca6ddad7302a226dac594c81791215113688ac2bb267260457261bb084ad325d59831330dfee6061d9497c2ae789b12df9031acbd02b1f967a67daed69f28b20605961e8abb2ce5b243f49903a191cb724600b6ca02cb66c2d4cd37c8b2c06e0b62248681baa20c833f0631ab490e697f8930dc9b7b48dd15912624f0d6928b5e06e524dfd879ed4ebd8e50003c69611d49d51161ada6eb0675011e9cfd027c0279fa1792e99f7e3f3b5ec9789f4f4b79fbd5de7bf13d0456d78ae9ecb85ebbf91dea0f92f98ef5f483c75f516c479a71becfe33e972f7dc6ce972a37cdfd5d43fe63ec20768d545783f5bfa4393f04f7a27d27cf34fb33cc4f37fb8c8672e3cf31f7118192c967e7a8a00e59c1583502747a449d60d4f134d3e1ade268b1e667e36e3f1265b4c75c4d2c88cb515ee063584b33158ef658df13065ac57e9f75bc9e6678e8c49de1e26e90787ee9a187475dd33b3e8f68eb6d466e4aa96d58e510b157589171e0e5a8bd715c9222d23dbc91b47308d21c1d124642daf999037b6f10d0d4f6db4830c78d42d9b1c1164ed41bdb6822e418c967725ebe6e75d72bf6064ea2adf9ed3eb3db9e5dce81eefe6946d4bd391bee7e53e36d63ecf7982c9a3dd0fc8bd1463db3ed5f1b2819dbfa0b27f3b464f57e8af3f3f183bdfe5bf3df235afde427c273467ba3bf89cf993da70fc8ed0dfadc8f910cf8c7b1df7c6a585fb11af8e0fdba3d7775f221cb53fadd9e4d0033d6e03c7902777b0c7f8a5a09f6acbf121b85fb9cf1e0fba3b7eee3af818e5a67be4a7836fcb47b8f9e1dc8579f68f3c5f693efb6d9e29ba87b263f8eef2bfbeb223e4bbab0f5434f304fd9e9667006e83be73cfd59877ce9c01a6d7e8169c00b6cef60f86f32ced51b91460ec9338b5317f993c9246fa9f00c20aa10291f11032c8aa254a248c9d4bcbb4c982a4675226dd16198243ae8867c503665cae0a4255e838fd03e97f95f62fa683a069080585cebe4f5d5f5cdf4e3d51f27fd6cf25f12ad795204f6e1f5c7c85f52b82f8f7d4787e9e878e1c1a6dbf02ce48c9844bf1dfd06e9f7eff3ebed2713f5be338347ae0f3dfabd6343caab6778fd51456b3c8e836e8984584f61a396c8ccbfdb3cf7c72f8e020c277d27b163d13d795522716e31618f9e8c313705677597512d65723dc70f6e3dc8fc0da798ea69ab4920cd1b4690ed3e63e8bdee6a37921459447b43c95caceb3aeebc8da3960c0f0fc00067bd183086fda2c8781276aaa761025e0b887b54c1a984606786f6ad9513c374edb9ba34af64b42160377d393687afd931b8ed870fed5517af5e42f42373dcec36a403d0fe2d5a5697c57bd2f2be4d6fea6f91c9b3d2ce12eb1e54d4f5d6e9a8b6239a6e677f896824f1b4d16e3c6453de0d446d363c6eda881f8061b3dca366270eada60060cddab7295b03dd66eb00b33e6699bbb39836e695fba232b0c4454849388a225cb00d32e3f76d5b01801231ac31a8c72f4c009debd6bb6b893bc13a19132014cf36927959d9e83a0585e38fea5f573df94de81247e67e038db8f468ce2a0b03b71cfa0bc2b35515c334edcbbeff0012d98eadcfee55dbbc1af54b795cc7768e942068e41d49665941834449d16b4565b4de2dd93d1b767e83e64fb2ab4b25e8ebde0fefce06e6f57d32e24bb2ce15e711288de9b89d7ee14e749f9fec7091164d57e860d35f9be23aeaa5e93a87f25fd0bbdc0b5f8cff0034fea4984911aa397d081c3de187a1f9d27ae9f68e67c0c96dd28087c92194f9e4cdd0c6f25c89d162a33373e4722e81a8971eb0cb7dd18b06f12c6b13b9997ea586f13bbe3c8ce59b3721772977a127b90b6dddcbe306ec986e11293cab12aaf569c87820c34e746900de6600d8c273ac33067225ec99846950429ada9ec92e8644ad48dfd2120492377ccced52a67a131e699580bc449b6551e64d1b44f0ba080f54511eea630baa6cb0ba7b902e6e6fb9b66b896b527d877b740f92feb5d92d68ceeb61763f38beff00325fa57fcc9a5bd81ceb7ad0f7f8a87e9aa6d6e6660666ff00739f984a6912d37428ceb8622c5e9f07c164e88ac19be9a247bd1b5fb230a2b0df19ba2bfc419ba2b3181eca65862c8a22cf1b11999831097d9c84b4c608ec47c5518aa5be04fe8d87c3f7cc3eb0b933bc2cb5fd92f0bbd88cb27ba6e1d33f2bf34fa5fc3db5f5bce7cd3ec9d1ca8b4f392ccf67f3c761dd8f4f9e38e5450cebd99c7ae0e0f77cbe867a11c0dd281ab3742f9579b4624fd585c9ed9302fee63bd6311d15b8c8934c2d41bf36d0b186336c8262c8e8d2d7aac9eb72fa42735158beb39bdb7c3de8779fb0dcf7eab78cfe85df3f2ed33e9c79a04d6177b70c766417a3e747a4de717623037dd6edf134196e90f0defee0e35e9daa3f9eff00b163d55cc2b1c79faf435b4e9789d03711dd122c8fd5d5fce6d0c672abcf6ef78f73832cea3494e860cb2bee8634e7cf8e0a469ef733c4922afd88e42f0c2f09b0c5915a6a8f756d305c9cc61724d8e5216198276dae5b3faf61ac47d31be87e4e80d175456c6dc75dd9b8f33cdb4734024fdc92368cb404c4d5a123500cd5211996c622b278c6f71e8f630f4a359b5b71d19c182d58c3943242c94e23c3121d796d09cc034e4630b929d339cd616dc7d5b5dc63f2183dfd75d694543d3ebfda4b5b9aafcb25f39fcbb91c37abf9376052771f31f47cdb3a260667316d0ce6e294334df4df223a1233964e69830644c4571edf7e6b960aa2da828e6d0a01a03f33e961ac82b388667c1984884b19a06b6cc5fd4491837dc65940cb23f05ea48d8d619998bd8689fa08583756459a6fa0c0ebe937983d1b355eae0d5748778908118d2c453355f693de9fc0ce5de78620133580627928deabc1b0876864ab95d367e54bc91494b728fb19e75f5534cc91aa43e9bcf23b981d5875e81e7596f36cad34bb290992b06ea8d32c6f65f40c1960a8141954aa9ec5bcb953a27a49f50b84bb8f8eaca2989a4337f67e43d9ef366e0ec0f1fe939216ebaf3952eea8f337d4af307d271d1df4d3d3f196ea5e5aeb1f29ee8072c1bf987fb3b98ea8b9a8c3c3b469be5be4b418c45a88dc0e66c1d7f32c4ea8c8590491ca7834dd28907216146d840758dfd8cc6dd11a603e431272d29f8f8c69964b5d6b43d3f6d373a706f9bbcb4a7cfc96d4b79d5d5275148799ad78dd624de9c9b7369b1558cb927721d063d0edf45b465019e19e08b6bc68b56fb299446b36b9073e23c13c45aa4bdb52312e903551a41a998c678f69d2c12ce00dbcac1e36e96f0b322c30f1b34018331b49c8d147206db460cfd3dbd5127a73a739bec21834fde20fd52009d9fe60dfe5e292b6a93f6bf23e99e66e8fe76b266445644597afd4f269ba6bd4f591d3458b69beeb6e699a65799a6ee5a6be9933376a333eaf42c4274e7867c334964d16449b7cdd31aa2c3693d03123122c90d51dc2c319a25606df0b48829be94b16d1643eb07250356b259de1876cdc05b46ad1720cf9cb5dd79f924d17bb5545bb976bb55721ecb2068028df9390e1fa649220cab671d03e8bf92dda7adde41bc4cf8fd2aa2c20edae963c9d61b2207ebfcf6fa66f4c48b9322aa65ed5d30ddfcda39a7e0eb7c8c6d0fdea187160dc2c1ac8317ad8b02c5d1ed8f16dd9457a19abdf9aadfa178672f543c9a339b5fa9fe628c047d9f52bcb8f507cbb74c8ef8b7a4e30b278cefccafb0dbe036eff0039ff0062728d2174d3fe6dec219215fe4971961a9e232396eeb7f956d93ad6d4d63bc5bac6a297b1cf7575afcfcfe68c9204b79a4a24b9306a125ee4b5c3d294a2118d1f99d8adf447049981aabf8e6f717721925b0abd9843458b39af5d60b2732aade413162be57b2d8ea90e007a69ccc196d3f31623d3744327276686d17a40cf8c74d44d62b55dd8419187269b14dcc28b3d933c6e19ff0076da1c91d578aeb7b177c62b7cb091f9baff00ecd911318783d6cb86750370b47b33ce72b17faa115a42cbdfaa9c7979e9a30b793e6ece7a4e3d6f159f9fba8b9a46b427be8b9f344718bdd64565bf3164411305c11f51cc58b6fba34316451c4af16474c198893b62c7376682407a68cac6ccd322da68aad8968b22b5efa69bb0ccd34044c44c4e435913354e007e33ea278452d6d8a68ea118196441ec919162c3d37dd6cd1353461be7c5060c8928823a2ca0b1f0ad964b8c6a27b105f1da5e657a890f506b6a255e9f78334df7f4dc75b43c6b260f447e13384f2bf7693a936a4fa429699f1bccca206718c0c5a39beec5ea58abe28f45e9cba799af8b7df7dff51f1432c8e5693334ccd9e9679abe9279d7c1b190c1baeba48e5ae9361ebae6bfce2b768d5b99ea3a37953b3f98ff0012fe8de775e54e5f3c441b2d416ff3d5f213d87ee247a139fba723e9763503d6fc31374b92ebd7587d1c5df7641896c152bdc1562ad59bb30998715785e0f6793286201a58ab1354a4db4b1baa9c2dd318daae5a79232427d328c76740ad4b49d38e819252127e56ee97ba71fa3bec5de1e4e2f9b646c04cd2d678946dd1cfc0a4201d29ae9ade9cb37b6982433b0e4fd28f90ad17b32b8341ad1b53ecdcba4f724923df9ef24ef0452ee21dfb83541c9c4f5eb22f7c848f6367c392d1ecc45b8e1e867a1cf6cdf98f1ef596549b3c64957a1745593731c4a7846e04af2e727eb30e5cf1d21439db81e8fccf15c186668c9f7575d876a3163af08eca6e206d16185adb6a48c4737dd4c13e138d11d11d00f0d6445c840dcc9d8c3a6e98b47ee2cc1118c04c97a0cb331a66df54dd37580d862d9a6ac412df15393bacdb85e1e1a230614a456181e29402998282f8828036e890b335cc5b334df701b43341727f8523d9e7e5eb456ee3db3e249573c3bebdf58cdbbc2bdf93bcc5ef3f9b2a38636fae57f28529bd71c7dd346d969be8732dda5a35eed4ee93a38f6e606e34cdf139f537827d1df3a246babdd4b6efeb1e37115b3bfca24c0161de9679d1e88d03e1bd1c4bd206d8372a9e6f243a97b9cea651c4fd5f1e45cfd6bc7bc67aba1e735bccff0035f57d5aa4cf9747d8b4cc79a8093181da5d465b27efd33eab47a66d1c6f83e43e88bf1af3ea55dd4d2afbc984f52e253cd8fd791273e9cdfa1164cfcf7bdf7bb514025d02654fe548d76221b38d37ec6d1c739395e4c28a690024957553102740745ba3f355c3d26f38b9b661f5d128e94e59fa129cc71ebdc7b598b9e5cd30b5fafcb81d080751329e63e8ae937ed804fc6b16e96123584b54ca94fb45923a231a18d532910f19268f7016023d9831eb636d52a264eedc6f799b6a7b1bf43d4b7f41e9b8e687eaee75bb9dcebc91e91f9f59e26e36ecf679b9cf31d975bd9d58f0db8d1fa1235456d0b688ad96698b279f890c786cc0dbad8256d11c56b7dd1cfac4532b417a66fa2cdf345b6cd25310720d007e60fa24afdd18edc6334121adb6a2f11dc60311dd1c99be88e82560dc942cd4ead4837477ca188a24e4ec417f8a0cd115b71688cead4c5efa12987df99aad8b0dba22c8503319449037b6dee428e20a3639649e3336e927dc2b2c9e6c83a9d39e36fad1e3e259cfd8e4377b8e8939944c89802ca6ddfcf733b83956f2bac19388d16a7e46cf91cc203c1e9f71875150fca7f335d94cbafb8e0dde4b5397bdf25be668dc779f5bf95fe8d781f52ebe5acc299b19dd35df4b568278687b2eb7f53ca4463169b1ce5209755df967b3eb1a124ec9c3ec4309d03cef0f0fac65a5abadeabf40a4f434fb274255cae8c623d67438fb0d466602e5adc3924313398eb123dde6e4e4c616df1243a3639d8bddf9c8feab9906950da5478c90993d6da6124c77b0c4ada037479e93fe87e27b393dcfc07dcfc79ae573f668d5074bbe6ab834aa4e255637c7cc4ddf946da9cf1d2a7a72f28349e3ec3aad183dd1c92d3a2e5bdd9edd26ba90f574fcc83454c3936b5230c6f0ce00699896a5b49b1be2cfd339ca5b0c99c7db25f9aa6dcaef3f5af0cb160f47cc1cd3d3fcb5672261e7a7a41c3d89b9ee2b219253c18af3f5855a5fe851dd1ddacd364fe0bcd1658601ba9f05a1f774d4b2b4553c502e123138cb68430c10b1967dcccd9f34ccc33eac829b63d80b662767474598c40ad3416b62c89468d8e0893e6984afea28928bbe20ec31f8066c2b7408fcfbbb0d92cd174289e0c2f7df4d40b433035c2460df74f06248ef8c9f37dd529b4a13d7bcc162a34bee7f639aeb2d88bff4a5f443a77c6df618b6c59fc1acee5763ca9e39f7bfc22e97362ab6fa757cc6fa2cb6dc4da15499cde93f54bd21cfdc7a560f42694b235491a9dbf41684e81a438eee51d333b7c7b765b43dc1ef3cc4894d74eef1b0f64269799804e53d2f48f9fadda5bca76a9fa66f8a07bfc827400fe87343a1fa0601e27d26fa324abf34f5b068ebdb72776774dd2375965b1e8479edde29f548d7536618fa95d4796644a9ca2ba538e8cfd0c5ace3e2d55e6fc95a83308167959839401cac83a28cade5bd2e93f23a00078c06417cc0f6490f2bb598b228e847b86fb6384becb7d56b236b779ce306db16fee27a9e6327b3d8f94ee3ab806aea9e477551b388e7560ead9773addf15921599cfb66cd0327bc97eb16a89ff00570f01c0deefe51e1ac79cd896eb0d3493c1a4936e6f479c8c99c326b25b2daf67dcaf4f2bb3986c2f3de9de24289315bcb5ca7d5943f43939ca9dedc18b393a0762fae4f8fc060fa779bba5d2193513ad29667d5a7e6da25a17f9a2d8064491d0b2370cf60d5f0d18cad9b866d7f998bde688acc34d0b1817d1320626fcc249386348592805d76d562da69b0cd48fbb86988a22f4dd0280c25158600b69bcec0f11585a3a6fb8c446cc275b361fe9b9232af17008527ac6c2463efdcdb193e6da998a3d08a57a161919c66e53f8dface73399ba7d9e63e5a34cbdd93fb9771f95fea872bab00f29bd387e9aff0007d6eb4e69edf118517b03b100cb68da9c4f243069cf07abcf0f0f7129b6600ee8eb7d875c4b6250bb9477547bb9bbcda1dafa2e674390c52af77e580df746f4e746f37f67f3bb129af9161e3f6dab9e3a979a7b3c001c44deee7ee01fbf1aee78e9fa71abf14fd4ed1abae9a9f956dab70539d21492decfe60ea8c7a90e252d81a3a31e86591005aeb7835915bd1cd8ad74ebbd1e76d7e90835c7f7854056539aebabe3169e57e95dc7b1518c4cd5d59cbc3c4f26ec53fa3f2ce73ac92193683bc8e3933c1d8ac784bb0f9471cab239ca4f154c16bd9d03b5fc97b23db5e1b394cae39fba1a9dec7360dd3fc5b7dfa6f3d3fe9ee43ea29e39cbab3eee5992184cf3b1559d2da7ec7e936ac6db3a13d2f2c00c4e94f9b3f3799cce9e3ae47b8fd8678f49323eab25c68de5c4f491b9c9927e2779a9aa5503f850f5bdd94b7420eb1f19fd20f3427ae0bfa67fcdbfa772f43b23f2c9fa56e1aa4f091a9d40f4fc4016c2751a399b0b4905d15e74593c5eb53d1259636a2b6327db5cc9d9a2a090b5fd40c072b58947296228aa1fd17df75b43a8066e6e2faadbe5036390019a2248cd16477f8bdf71b7fac3d15801799be8b60c60662c00945618366fbb01b16c27d330658b6e36e309d33728d34db5619898eb9fd598c49daa4bebaaa3a116f4907228d2467f47ca6dcc1aa8e4feba78f362ed3eea3af215dfc1f4321e15eedabb6ee27e54f4fbcb5f49c3586589bb8e03968b4365a3ca77c8de7adaa1562784bfaa1fa376d477f9b819235fcccc4f2f8e576ef3edb7ecbcc4c370ccf57c6ceaee5472c7427f36a02eae6f5667cc1d3fcae27446fd8c92d6fe8237fb65f9bfb6883cc191fc8bf54a5fc55f723cc415c3decdf8abea0f579bd50f1bcb77de8ad51d0f0f0e6c8f5e5185eb9ea09d86e5543c370cefce7b20a8ba068d754f9eb0b9d6f8adfb1e3201a16d77f283bd690bbf7debf8cab809bbd215a2af781ee791e949de1d92550897ab48f2bdfdceb3f06007c3ed4e3eed19b47a4fe6fd6b8826071915af6d48374b95cba8d8b4e7a6f2bd517672e5c9672bb259f4751c01863f54e311384e908c9e0136dc1a23303e9e0c7acb8f49e670c19f9359a3aa36bf37b124b38693f07bda1240f2d518804daba171eaa2fead2cc43fcb5f5bbc76296af40b87bbab8feca797d73576cf03aff92d10c17f52fc9d21881e9831453517a0cb62cd37dfe0fd771b4663efcdcc00f65115bb5416d178510c2f7f46d14c6ad1449d05ec421f0a9493c49ee7d00db218c327251c2d8c6f574dd6bd37f9f560c4ee4d07c6e720d6666e88699b861bfc706f5b33eefb86620b8b1b5db7168ada2cb6667cfaca311d156090c662d7ea506e4df1f5dbb47567b3941f34f55c27bdcde72619ac7fbdcd1a491b72be3e84f483c6dec91de9f455e16f31e83cfae18f723c8eedf2eaed165bd1f0f34246cb169cd74ebc1741a31d27cd3c1ea740f547127a053dfe503648993a3cec41742b9c87a6126a8aef78804e7f41f3047d196eaad3bb693b761e85c7cdfd6f62f95ebd85c79d5de7d72ba7edf57d6779ddf80ff4933e424ce57a7ebaa0642b74bf3af2cbb578ff00a8bbbe43d26e8ae6cea1675626cf3f61fabad22b70424a2008bdc6d8b26072a8f6534b33db518cf06a44ace6aa3cad7ad96333b88c3c3963acb16bd9b007562b3f84c926e8d8b218059765ba5336d737ef7cf15bd914227831ee8da5bb4bcdfa10099b36f1fb71818c0e34a31897a4ee6d1bcdfdabcfddbf3706e90e3feabedf1faeacee66e9f63803303a078ddb4c7034b631394ac97819c9d086f68bc626235727e9ba59d26cf62c7d5c316460a068d971f4319e36e9b8c7cadee9d19ae75f0bbdcefcf9393db1d4b09b825f48d9dc9c69dd9c3f41f91b8c59d577bbfcec51f757abca1f37d31f49474c53081f3011db35d47a168eba66daeca2e8c473433a666333889282e75d154165066887dcb15d764a554922aea4b10c0a0d9b37477dfe99b8dbad849e018c60d882eb346a756a64eae6ab4e6e32c9b04d4fbbb284d44fefc9f45863dac1523f49e843335619aa9ab0d94c4e73d4e19b77e6f437d37d1d186fcd40538a7eaeed7e4cf61c784e8fcc9e878263f41a4f74feb174578dbdf9c5efda94e5c64f1edf211a3d11e03f61c1673c057abc1fb84a31ee551e0e79e4bd6d51e8ef9efde7c7ec79cb06b6ab7b394c49ac2dd2a47a39951f77f3f597dee5584b6fbfbfe0a32d84c92277ae2b563cfde23d1d26057b6a761bec1f01f7ff00007f247f5dc564f18b2e87d9749f4b73676fc1f0c5c7573976fc1fb1fd57ca9d509e912899a6f51b86596d4dfb49c7ac8890f8344ac58f2e786072a467e2d7b1eb5f0e6d5cc965328e860d2d19e96719f826df1975de439ed9936893a52e65a4ed1e307736ad83eef0416ef70b55a3e7bd557b09b3a07c7ec4300786a8d3afcc319cd64a67a1e135f0786dfa6749fa4f3dd8dd9fe6e776f465bb31f8c2c8deef7a4eb464918924ec75780dcbe656786a79dc720b520771e3a3337a62759ad746e5639958cda1a2ba19e48cf305b1c96020cc670af9b56e750ba3f55390bbaeb6e6f5f92fb1a01604dd7fca4d3eeac3ebfc58da2abf4b9a323bef3d08e660bcdf3ed0b4d1dfe0b5c6d92cb160cc474c47e6b8b974c274348ee32cc15cd565d1a23b802d6d11c5adc9e236eab19f7786d01b4df7619aa68ec72dd1d0a055f16c2d14174182e829bad68ee9a8c62650b8c67dcf8a2968ad8982e8adbb581e1c1acc53e6ac66fa6ee539df921e66e878ec7824619217f4333601842fdb93945aba1287f67e623d860dd5e6cc24d073abdfe80aaee7beccf21dd27ce8efce66c3399b98fddaf14bd6f978606ea074a46459ab7f25e9efbe99e1bebdf31d5e75e78ea8e607263c03db575b981928aab17586c74f733c54b6bfe8be637756a5ba503db5668521da3574aa2eb7e867ccdf4a7cfafe3bfeb8a2ba4281eced5f6371577e70c53e5b8c29cea8a1fd0f8cf51fbdbc34f63178b3c75d1657f03202a067aded1890caad9249159d6dad4e4cf3f1f403464465167591f91861938f4b6924b937d0e8ea2953f4f1c836dbd118f37ac6e69b788e5d3fcdfea545d2bb163d1e0fa780456ce8dc1d2add92dad254d5c4d978ce5568058a8ba3e69e48f4e39a3abc4e2be99a8987b7c1f63e79e7bde4ef9d51bc5660bce87ace59d00792325e498d4f0b92c29e575242bb21ee00eaab2610cdd1dfd0f0faeb4bb5dd7cf4e33db3da7e08e25ef5cbb81bdcc7e8971fa5d0c0aa6ef931de6feacf222d3c376d726aeff2b4ccd1937c28058defa7d218d0f7d31991b309250d35f45848df120cdb3eb0df7cc5b00df3186e8903acc4d4de7da03981b318780b0b9232392231a91300daf759174db3e84a23a33458258a6668b3e2e363164efa6eb60aa66e1a6278c0d0b3166142943344171437d51c74ee5b376f1ba797dd85c790767b9dcaaeb09c833033fe0b008e95127a42d790f7b97c6004e625ee3c901218d93d68ecdf6c7c31bf90ef597923b240f09eb193827d29f3a3b10f1b44a5b03f55e6da86dd6f37d247b638c3a978fdb17957af78ce3a0f6475cb39d1544c6a7216cc503e5b55539fa1e5dcaf91575f73e54c0c91aede8e4369cab7decad293ecff00e56fe9af38bbe391bb7b81eae13c7f7f736639b51746f3f7ac5dae0fe717b4ac5f343a5e7bf493707e5d3a958ef7806f32ba11cee998c4277d6b784c82393aa3cc2e518c40d4ce4b0cc1818cda4cf6e514df789bad5bd7bbeef4223c67558aee1e24a3661d28ebf9ef64b5629897a4155de5caf488872ad395d286012d460a625a4b46590f464e1aa68d873045d1c26316a44ab838d80e9fabbadc7e75adfd117eb23f38a79d3f03dcdbcb6b48c3b1d4a4f1686b4f73d8be7148559f5289f34def147a1a071d5bbf36fb4e746d999afcc193fb0d614cce0ded1b5d6c7c754465a3b63752daf58cfd5e929046661daf2297e76ff45bf96ded41c6e32c074e7cd11d312e6ff7e2d8aa8363dcb23f536e913055333e82ae8a52a27baced228ac302c48c46280f5580a564e9be89dadba3986e0cb0df5599bfc5a3e9ed65304b16c631130270286adc62c9f5d37d14689afa204feeeb069a6e8305311585eff7e7da189e662c1b7cc599a6fb0b1f43c65fdd374336ff006af887d29a078bea7cd3ea8ad2b4af9bd7a7c1a5420f5b3034cd16b675b9bfa042f61e7b9b409830fbef3193385bcd33f49faade177aff00e7fb52af353a9fce5768181cda077f230c6dcf3dd73fa2b9caf2e3f5adae4ebbe37c3b39ecc6a3ed81bd8a5f1ebe66bdf7de3ca3a6eb533d852da66e0f79c290e263faae6acb36ad31d21ed87e75ff00445f8b7ed9c85d2551da3f8b7ebf40f34de5cdf1bd87d14f367be7b1cdeb1abac53fa5e7bce2e50f745bac9bf34f4dfea4ab1b0fced4b7da4adf18f2e1e3d0082e31c961f4087a8295fb6be6f152b65c8f13d3cc6c3d9f27c6f8009f4e24e3bcdfb37bde42e293ba64e1ba9a7192676141d57b926f26e6ded064b4c9b50cde421c6f671e40b2f1061acb64ccd5d0764323a687c32c58db935a462c564bb1574b430d5058ce3127eda649b86e5b5932a6499cd99b4c23cf1ba4bd737c6d6245052636e6f1ba4968c61d74b7e748b3db14ec807a3bee4823f6b74b9c23fa0bf57ce69f946fd5bfe516fd72e8060dd29c0c24225d56dd5958dd84e546e8666850358617be66eb344f5dbe1aedaef8113da9659b8c40f69b9836e3f4c580f866bb22b4289e26b17251dd8128ee3319b284e4f43393a2bb9c7c4f5fab2b6cc28cd765a706ccc62f4c55700f6fb8c334dd161be6c94e68b2650bd3334650dfa99f067e9739cbb3e9cf3bdfe09e30f4ef9c8c72bdfdcbb39ba3e8add84f78e8a36aad5e3e3206f9e3d5d746d2bfa2795aec69645bd2f98955e5cdf2ae8cde9f7988fcc2ef8c91b7e8af9cecee492371faa8db54fdd3c773f4026cc3e5768d1bd3fcfd7a4061725bafa8da3216706ddf4405b84f2b733a115e5bb6b97e8fe611c5b2d80cf687c5ef45fc2fbced53e66cff00cc9fd21c79cc1d7bc8b1f5a2bd55cb768dfccf53d76432de3b901a36fd2131b99b3b2864dc9ddc00db211b13c483950785c4919569b64021f73478a2ae026715c319cc0cf59249fd6339e84d2d67303a4619e013082f7590ad24970da7924e70d41c8c799cce4bc3acc98632584d5b4c3daa54d4dd41a3165c6c2010cb9a31f4a963d62c7b7ce8f393dbc2e661753113321b220d62afe4916037297225924231c4334397434aa316424751c84e8c94f0c248b72c472a4bf5a95e4ffb5e68d44032ce691f8fdfd58fe43fa04606303be7cd3745b8c449456c274d11619b66a2f34c583e0c4a433ea1bef3ad0d5644487b158691dcc418cc4b71866f832c4fa0aa602da2c8acdf61f182c48cb7c0c6d726a451bada6ec58798b06c9620c175432837d31158b6c962c274f9a869a6fa506666eb669b93a06c0ee98b5316dc67e93267e66f7cf2aeac681ed8e78474b8cf8e7d3ee66fb8aeadde3ce8ae94d62a2668d58c89e8fd5e38b417de8a97d2e6aa3f4af131e780d6eff06421e2d4cd12864c213e3fd1bf681d95e63a15bde75a597cfa648c8f1bf8de6b0c26d4a4efdd7465a9547a1ec12cee825988a8cf6d42d3291589e733fa2ad7f4fc49268b67ade393d0dcdae3c9ef7e94e072daaff96ffa32b4e3ff00452aee4fa2f3d241d6b3964d309b3523d5e3bc33eed5f1cdbf0130d6e03f68c5e833c06c1a9aa54d5f16cf8f7a0c646493878a20d00b8d9d7451464e63d3e773da8cbd33f969978f4534ece278949b6194a47e23c6a9fb0b4832dbadcebb47e6a729643d9dd4664d1b6795320e87a2fc1a6b6a6d96b6a4a8a1f794609ea57e0f04c9dd59e4ec95d64ecef53869e0393c5b7cd07eedb9ba297298668b5ad8c3865ecc67259a7525b5caa9ec79d46a5de87c722b10259cff002eff003f7db9c117bf7174d5c9d8759162b3344cc1e1a8b0c152cc62f37d34164a49eeb669bfd158b593d515e5617ee868ff0083e2d88e9be305b4df034c5b0d80b66f3e124f31eb21444f19bb51e8e19a249e0bdc94566337d34197392313a2c4535110596189cb34df4cd3115b34a27df4df1742c8e819f164765178d096d256cf57e54c21f1bb5db72de24ec6a6ce75aebb879692ee12a07d26e2da669e49f92fa5a9e648561b1c7cdd446f243574a8ff0049c1a7039b07fa3fe71157e6dce84cd35f5975d79beba37f73f5d9f9efd725663bf9ebf49522e5e76361e63eabe60efee735a2d62faaf5b49acdae5b9806196c6e95b562c32d44bdc61cba11dd864167bee789bada0776fd83e8af1dbd98fe7ffdae9f7bc897e69fa19f795337a53cf92d4b7ad1b7c80469f1917712b36983243bb692c5922ae18b750d6da89d11dc9118c3a3f0cadc55aa4ec91d31b87cb6008b2372d81dc16c7d5765b5493abcac8dbdc3d20c1c6039a9b47484bdef7be2c7c7f4658c5a5401a2cda4c346d68daa8d3461c43e54346cf62096a7200aa0718b0a3008ca991d48e4ef0c0f225c8f0c95b0fcc24d36efbb92f5300dc9b5845563cc04dcc658668fd1298551dd722607cf49e208e58e99f262c5f8710a582e97cd7164458a919a6f29fdc45b2adf35c28d550c9162a9be2d6828b23f0d11c19aac2932160e312b2dba2c16a3161b7d414fa8e6d6b2c8fcc3091f065998b7c62d7302fac6618039330d48903cff0016c0c9d9b8a6ef806f8be8b06589d18c4734dd66121eec621aedf593efb8db319a866073af7df345b34453d43d80de1f27e17a7de6b0719d8f415939e3ae9d4f2154bdcfca283ce21bb57885fcde8a7aa2ae7b1066836f48b064284f27a8ac233de795a959272d5eff00c9432073c86707a4d56cd6b677e6f8bb0c6a47c56242eb0fb0be4109e63be28af737072a8c2de83d2bad7b7dd1b0ef7673f7711411e1a84a6522b6d2e97250f3ff004f058486a4fade5676df0f6fe77b9fa223383fd44fe7cfd9e2b6b1e0c798752974d69ababa6a3db73d00c8d77c34f756d927d3e09bac1b9eb6ec9c3d0c44586038b2cef6a8c3c43e3b22b5ecb6189a40e9fa07a13a49e96728312e81eeb71a968c9699453ae8bbe4f513ab1b77bdd21245e6d4c87ef3cd248f0d1b5ab789230f9f4f6cf0ce69727ad243e5df40e0ef05aba9ca2c263167235158ad2a6d4af4780242b1ec97b78cae1254a5ab5a893f07275ba43badb316080b36822899a063c479caa574139d5110ed79ab43f2e56cf09f5a0474474e972f6d76c6607df4c6633361cf84ee8ee303570403d31099c387c445e8d47801b9ec6e6c0c1b00f8c5b74d740b6ff3e8bdc65860d16df70474196324e88ac07a2b2556835561b42c89eacec694f7416b373459823a62ab35c58319860cb6768e1233b6828b0c274db5c17a23ba60969ba2b37251572ff48e63097be4f7a4e4b53f0a03a3681258cf4528767e832ce1fa2bb92845cfe5ddd37071ff00426eae26bab0b782711d05eee8ca35fce3d8666c3fa9f95a96b7bb2936468d91544f3c053d1479efde3f9b5a5fd4fdeb828103d2999fa1ef7868c7dd1c3dea9d219541a59bc520bcb61313c30dc91cceda8bc368bd1ed9c9bd1733a57733f6bc42636f0d5f4dfdc2f07273f8ff00e9dfaa061e69b6bc67b2b220cb44936c19aa42cfaa46df3063aba8db1a0496d2474877647c5cc800636fc376a72619a9698fc85923dc2625643925b1b9fbf0dd454b7489320d47946c8e668e7a6467a1fa1c4b83a1f80ec2a29ef678e789b2a9b8de39f899a6bee31528188ec886456b4c628aaa3a71aa89ab793cb654ae95e5d09cfde856289459af65753cf422157336a9940badcd91baabd2d700d57a04d9860b61327c785bb701d4530d01bdb68003396996c3df96ac7b10f04f9d752b67a6f2aba03a3d3e6923622677d005beac9c0f402433c66274243c5389152dfeaf1643558785f500fbf3efc5b12552ddeb720f7d30f4cacd57b23e258ccedf77d05e8b606b5998dee61a22b63184024e50bcd37440929ad453311df74048d98f60cb224fd5a3a6e3016a067fcdbab2745545874482fa8ee657eefa00c9a89e04f6db55ed6dc44f2df6aa9cee1a2b9bd4aa26d03923078465432350fe9fe6019cef4a7972c3b5f670672bf73d5187f9b3d08c34e3b9fd5d8cee54a095824751af2662dfaca8f521d4bcc1ee7830cdce6be27cea8e87f37fd62f313f2ff65731fa4105339697c0e3f5352f917ed5703590f049236ffa779b9c5116a23c4a69972617e8b7bb0c923cc5e8780e54e4f9fd7afdd8e6cd99dc9b7a9346db5fa2bf9dfbbb5fd41f19cff37e97f4159e5c591c7ebfa82032483e74012461955493063feb31cb0932b0c7b6ad240e4869db5353d809a63d1e9568b2313fd261f40db65b1ead309804fa0e5949d45d32c9f4e36927424629e6c3f7939e10375980d32d9f46d8da6799a30cb176924f9f8092ba8c5cda2ddceb2a99dd3474a5be8e51bd15779d5f094eef3638c7a39623a19a4bb1863879dcc31e9b36c7d284bab9231d8c9a1fa0d0067219645775b5cd0dfc91d7be5af7b97e3c87b87eb3c6928ac8d49df4440d3161b4725026d88a16e83868b16b27f745b37477458610390c12d37d008d74d16103ac28198398393fa4a2c0919350c93be88ac2c4330f8228a22c4124805ad81ea9942d1448fac3e25be3187e6fa2d888c4a01aefa224e636988ac02431eb087f58c26d78aaf1c72d568c02a5b6efa27aa12417014c274c150103aeb07e8c5aae3ac64ea73056fd99cd3f165bcd5168e56d4d533247c4bbab89b5d6fbcf8e7b0236a770df10fa3b52e1bc4f7af3f49ec86e3d1a9d3733f8689eed2d0696edd8e7730b05c35bfa3e3b0faadc07e8bf8fdd51e967995e964fd29302e50fdd10ff002a66dcc1e938a01009feb78fa4e6076a737142457aa398383dadd9d6d17f4c3033d99dcfd0974b2d6a6a5ba535fbce7e9c70f789f654e3f43e429a6da9ff002bdb49abd44eaaf2cfd4ae3fa703427483a6739b39281ef1a8ea0705984c9c78673c3cb0614ad2660049278b5a428bdd73b6c26c26762ea5679cb53ad8a993391bb157b3dd90c726a267758c7340da9ef4e69061a79be131b99e4b71a01b6d7640863a86b39efd72c4facecc4aa44d47757c71f83e3605b36c51892a94c0c8ac8cb5223128aec6d00f027b9b46c1a7b77477d13b006c18a11f10fdb6fce2fa1e3f310fa6fea7c7a21ee15119bb864b18893a6e1a04500a4abaa398d669ba63144d44c6284078c5afa23a816a82b2cdf4f8a8b4c9f898f3b54cc00f45b04620a6eb66eb228b198b06493b91836140da60e2d3c4716b337d3460492da4ed81a66e82d1cdf4c30829a4a37a5a35beeb6f6f46f8ff004ccf7652c1e9a5ad99a50c0112375b344b4dd67df9b8a1fafba2ba040575f8f19ed18021bca9a748514f53c492aeb45c80e076be2484f6c70dcab0fe84e60ee4a5a6b3cfce3df4cb9bc2aeb3b96af2b609cb946d6267b1b759b85a8abbfe75d3e84e456d7f229e1bf48fcc1f4d7bf44c3ce5f417c79f51c8a41b141bd57056758f3a23ea56d54964bf9f72f2f761b1f9ee979d88ca83e277b47896bf0574eb3fb8e3b39237ec672c6efee5dea26de2763cc767ea2e42a5048c0074aba1fdd4fceefb43c7f43d1a192dfccf48e4e6c2eaa610e8dee1f582e612b1e34d165887ddc906e7a0dd563a9e018c93035b4b3e350ceab3328a27b6d18678dc823f92ab8f5c790368ad2ef67e532b102ce679591bb159e679166ab3b472e9f266d27d8e579455cafe6cc1d1889b39af6b3699a89c3e0e9939298f8adee866b33b447069a90d91e19be74810c94e7b52414196223181b1912fcbd7e87ff35be8784d3f7447d3f98212547c4cb121e53f49d1a9672c90f71665a9be9886626ba2c3e7df981ae6b80a67df8c58eb69a2c72d53dd86fa6e34ec2561950594d34051519628df4d342753e698c63923b80cf9b7dd375a37d764586e8662c5cb04858b806680012363184ee2a946f4dc7527c7dcdd30d76cfa1f04586618b69a7c623be8b2168e9bee33f5d06431e19d472e63e9f6a5b391637644557f3981cae3a1188bb0981d80650aeacb44a8fea5e12b2a7f8973dfa2fc8b337cfaa2bbcf8fdd1dbaebcf17aee79398c266dce59a36d387bf477cc1b09dca3fb8783fa3774f667939ea2f9d1d5978cf4590f6de79b9e1a9c979467f0396bf9bd63d21cc7d87c7df9c4c9de1ccde33db5b92e7a8ff002baaf17956f6a72ba4b43e5ed78dd7b2731cbe9c3de747a59c59747cfc9180756033d1af356f383a5ef9368cb71fd6927c79c936c84f6a714b3e93a603aa28e8b66ef6ceea18e431e4c66008d331e336a3bcbc131e3d8c72196589d9039e3c1b81cb5f9d17f5959a764cf9e7a8af56eb333946ddb50ea13137d3dade814f45cb18d467e4f090763875fc2b741a05bde91b6dcee7990fc099e478c4e0f435c8f61b53ab5160a3ee1aeac18c4419d131b6af9e77783fea9f953eabcc6688e9dbf3ce41a3be3e921e9bad63123aac16d34dc13fab68b31647186e8ac33168a83e2c23e62ac6376e786b592b23b01488db8c274cd1219a239a5acb37e0c5c96d318b330378a198dab002d5cd703550a41625b6602878193b30918f0013700012ccf8c5e23ba6c30a15458460eb2d88a6a6ec5aa3e61423988ad7bfddb06feb046aea7ece9babac6d603f983a95ab0721456da837c5f3f584fd5705ba18c48f0a1562eeafb3f9ff0010f49e0e78aafbe7908f9e7d38f5071faf1d08f1545a942cc586318c1b3719f33974e731df6d9bb3f857bb788508e0325147f46f3ee3f465becc349e36f7647d8dd8dc61db1c7dbf724767d69e27db32463493f1fb162d8b1e9b43d1aa0f3061603ab6ba9f38039eeddaae88f9be25d03cfdd28f45860cc7bb57f79b9e91f27db06633931f5a4e7c6dc9448766e266d12366855a4ca3eeba5baeec8c8f8df808643dabb386ae9e324e5f986c5a4dec286433eb2f28df3c683ae646b790fcdcc1187b561d673ed29b8bbba2559630b0b7861f3be42186c2bc4c1d29481ad7db53bf3526f88fbedbaa1b1628c187bdd6ea639486bd72c165bac0248bc4ccf8f3ab2755b896d1800cb26bb141b44c5eadab44aa5f809c4f68d57ec3c4e69a7cec7357df4274c6f5f379e7445350189129eb40b2c890a12414530b4d3d718229b80cb345b4c0dd1db50212cdc055f096199993b3744bd4055f4c04cad94178f0dbbb18db886b424ad8530d3b0198b60db662d6bfc4545d1860c364754716d2d90625161a2ceab1b63c9394bdc63248498832d36750ac14b2d61b5169779e2a8acb998c6f7e7a25c491bb1feb2931e7855384a236cd39cba59b70be5d8dda31b8d955bdc923c6d1274d1b80eb7b75b45cc1e399badd4ce42a5bbcb9c399479b9734b79a6a9faaf21930708963adb492f6c8b74a3f51f982bde9323f1f0359abd971df9ca36fd4cbb9230dd087b63b33863b7a34dcccf306af07eef969cae0adf8fd9e96273397d08ac3ec584fc11721914cfe60d6f64575d29c6a1254d54cd5b0e6194226defafe7b3db0e77a2b696cdf99e9963d9d65d12d363a7cec7225b4e5b1c1669fba5870f728dd33a31bd1841fa73514d82f52693e75b28b8225cc11e6b3ad273c612a663bc255c2b2ddd3d5718a05910ee870f999904f4cc9f891e03b8649c10a4f77a1cc1caac2b9fa4284a7eab64768e9510027a72f2f3adee69bd416df37d9e08fd629e7971d8d1efac65555cfe7a272fac4f6c8f181f230316c1733428312dba237cbbd03e63f4e1f239a890fd7f894d4ccba323035182d88e8b4e6e1ee1bebf156694cdf4518a2646013459161a7df9bac5835910df74703757eee1998986288e2d8b27f5260afc53037ccdd6b59647400925728072774f595090b3582b6fbbceddf3095d01a2b6818e43682c359e0c616eda9cfdd1a3866190c016e7b6c05abeae42b43dc9c2c03937a14a6e61235a9c5f2423bb0d18676974fef9e377debcc186fa948d456a385b7df1236d27d0834073943ee387ccca89d5cabaa09c803182e310bb621f39d454532755a6af3cf94bd0ba5a5d704df1038ddb3de5bb5396e7751b731d3e58b5593e879d40c6e4ec3ea78f9278649198303274a20eb7edbe0fee79e3e964565bc37e8312e78e8ae5de3f4bb57e903713a0cf1590b21464624f03c67ce28939357638f4847a6171df2f25da9e9f40c095bcebafe6b7df37ba12e0e27b690e479d23e8b9989861283e2aea962c40260b8f36bc30b8ac61924e7e5ce481cfd12aa0bca1f5b937e2668c61671243e24353b9e3c568e49edd96d51b5a5b1fb22a00999e57a7e5d6bad189c4dde708af4b5e2afbe6eefea62f471fc9d64f5baa8df17ccdd3ba985b3709487bf3a1e387cf7eb19b49f8566977d5d61731d6a3f40254c4b933ee83319998c6a4cef115fac87f3adf1e7bfa7e2733702fea338abd3f8cf1011786413a11aedf4cd73617aada7c3296fb7d66b3e2e8ce6e46ba0688ec907df9b92c0340a44c93f33eaf5ba2b6026be8b00a9138c626967d1641211a33e7dc2670f66760003c310a0d51204d1a6cb922d1596c488a8aa3bb371b7505fc4142703b93aeeb58d71d42a337d508d5d27dd32d71a99b769e90479a62aed7630dc72db3afb919f861bfe7cee268e35271775d771f60f16d39f37fd9e6a9cedbe357bafe415eae3d2c3e9cbbf062c8b94c07cf1d2cc31bf98eaebbeb4d36a59e40031568b6b380622b71412b4fabf43b90acbb8207f9d7c6de9354387724dbbcf13cbe0ba1cd9de312c5cd183b148d33d0903f5bc7a89e0e6bec4cea4b21ee9baebb1b8c3b317cdeabdfe6be13df43281b6a87e3dfdcad391ee3d98b2c37d7874b5bbcfc1c48ceb749f67955a764a2db5cb18f35bac7cd9590645b1cd79f633a67c64f5738bebecb72196e6fa57bc617534e4e4c24ad92ad1ab140d0c93c330baea99be21fb9f952baec95ac83831cbaa06ea90fbd64f65d1ba651e879832fe63d3bb660be979c518f51d193a5e69bc7a1aba9de7a40fd2987851bd5f66d8df38a74bdb7ed3f9c20d2a8cce92715950cbb21ef0e08ccd0e0d6147b8f4556c965c57897c51d91c5ea48fd0f78277ec6d3c599836f5302884862b7e395f87ac58bfadf136df4e79bf09eaf13d32f38eebf451a7e6180fd27f808aa29fdc9d3ea90d77dc4629f3186e8ada4e69be9bb0d34df45b16474d85e6bb282b37d3467ddf34f8b667d23ead88a799433144ca5ac35961566380078bdf4cc188e88eec34f9980eda0db8c591d3193928289b18a66273ad47e6190a599ba2e5a068f3c3380798b3dc320a274a75593c9870c59ef0c8c2d275b640347b69c33f549545f1a6eaf20bad3ad290c53c4da931a737b12674e73f6a1f4d643c4fd7a3a49a68ae4d6abbbf26779b94c4f625f07b90c1a4ec4bbb43a8c2ebdec9e638c2d9ddbcb5d5d0c8e8f3f78f3d23a3c543649575af646c83688aa432551575bf50387f46d15ec39b1259313b1cdecced5e24ed438fd5231c0f83f6bcc1c97d152ae0f649bcb952fee5df62e90999af6072d755f2ed38a4fa9496ded7111a1e43c31f5358d09b80634b09aad1620eeace306d97a7ef33c73974879efd043dd60d5d075d3612563ae800728b309e193c6d9e6c88324fdca4f50cf96119d5206eaf0db4a9c9fabd64deeef3e9393965a84d6864d658a7c56439d6cf0a1ff212c9001c4b27560fa0a99075f067c9ce40d9d39b3a430390c1890b6b38dca34863c47b34c60cf8e1f0d9cf475c277337583e24486e631f3cf427977dee673c4aa96b47d57e7b3602c2de9470c5c162f1e527e9322d49761ed9f949abff00559f97d9886666d95afa278b144f3017fbf3e87cdf4faba13dd6d18bc44c0c4e0678d46b65d0fb184ec27c28513cc62f14d370cdf7dd66e4efa300974740453283599b6ab0bdd51c90d36594a0456cd8074d44e71c1c9909c8e448da1406da781ad0c9a833304e84a34231f9b6e99e8ab91258561e07cd58cddb3e8a1facb27947a72cb1ec66d784b38b795fd73e3ad6237c97d45543269b40edab828769d45e7bfa0aa0f647587c8ef3ddb6421ad6d47e6ecceda8da2cd23724c4eb4ec9e0c7595f7f533d63511be488f5a95111c491aa27efc4a896125a48568dc8fad3516db68c03d6f13a1fbf3cd9f42dbc5ec86b726df15ed3ce8b52b15b89d3b5167baeb957f514daba9e636057b61457ab343e24ebcc7d5e3b0f9d174f2a2664cd6ab45897e33e0e698630e4c233a4fd83fcf37ae1ccf61dc5a227f07d636b54b40431a91dbe8c456f854f386b2c62d8f6ead5f064949878751218f4561ee5d911e8646e9c5848d38daec7423df331fbbfaf673c0cf1877a16071233e11de43f04baa59da5bf1b6f93aadb7920c960ec6d3951ca3c755cc39cac29b56580c8b443aeca12c1a8f3cc64e33aa26316b688283376431858563f9ecedbf397d3f97ba6f5e48be3d2796e9e915632a6c6eb515c71bb37617ae9e1bfba26b4f2c7d666d533f1b1a7b33e3aa16d98522a37d374106a4a0a30dd6d1519f432461389a7b19c448d76c4775b7c3134c8d03345910d944f00df9aeeb091960d868b6981b8666e2c65b7dd623b29a016b8063189e608315d77d173a660f8649d334653a686614b522fcd4bc2c1ee3bd2e12e8649dbf77865915d2cd161b41888ae01ad7ef1df152f1fd3d7f5b9cb83fa7dc8b537677827e72aafb56a843b9d7cd6f4b224cd5bbda55ece45930f9b556b6713b6beb70a67256cce066a99872b19f42430023d2a6acb1b7d02f372da03f95bd42f34e5398e3d77d1af2d47baeac26c2792cf99cc9eb79b3f7a1e669d8dcc1d19e8f83e83460061f21ee399afba7ef5e27439ee7f1ebe206d337f568f6eccda1f27abbb11c5795fa4f819b2f305572161ccef77030c93436c6dfa1eb1b4325b56bcb5eab193d3fd18ccfcb2f4e383ef1f966a738fb2d231fba46addc868d629a125963aeec847c0a8f1edbb225129e431d3c32132a8ad30b206633ba51b1b59ecc9fb81b81e8e6936c675675b1a72786d724fd777cc99cc133cd2c882c75b2c996cd422f1862f3b98498c4864efa317beaa061f71a8363329999f887d0e6f2a46db49f5be3dfad7a7e73641d576e72c5b55c7793212b598cf597c94f40877588118930e5f87bb78049f9238afea3bc5ecef82749246e66218be98937cd3162c8909546998486889e8241d4db46087df83ad87819b86e488a89f850678e3dac81c3075135af1c1bd46062c0a6308fa162d6e6a88b502a393bcf407842e7c037fbf046fa668c37dc6447bdb6e68346c23eb17f1d99090b46abb3a06b5c714495284f6d0659e9c75eccea27f4ea58374b5a94a1b6ecf3f7ac5d3f55c79f89c3aaef1cfdb66d43a076eb6b93167d217072d2d74e338678b58f1a79091e6d90c33022dafc2b76ca89e314b0c4ac86607fa0cd6dcadca8af45f923072a4e438493db4eb17736ae43836ff0073d19d35e73fa07e8f956bc3ec5e72e776e78eb12bfb9b4525d28da7d2ad16ddb69c651530a970b81f9c5d93e72af3189544add1324024318171b8a48a3d3b000cc0c306552072f6a3c3cb1a5f43fa1e7ba66cbf3fee1d49cd39af5863bead8ce8c851511ed1ef4c7c69fae58cfb1e8c590d4c45030cbeeab26add9e4eea6200cf7006c9aa2def25b7ba42436d49d253e7dae64cead00beded3f2819e5d965e0adecbb21e36c893dbc1385b6eef0b6f2ceb1f868019c9b72060131e63068de90661c61e27dab557a7f19b92369dbe34aa6d58c9f2740dcdcd3797463bf5febdb0ab9db6ceafe0eb3b62f5f19fb9194f7c9f58cdb3f1d4958f4b3c73f22ff00607f9f55d1e7ee8ea1cf1a49ad8b334cf8c362d0c5b1743ea0c5ea8e6f41beff00559c1b43025d1840ea3e758f01d7e8023a133b111481c35ccd982e1efa0b575d7166163120e4636923f16d031ab2622cccac8a693319881abc1849218c03419162cf477d3e32c55a3d3947ca4d15911bb8c76e1faa7e2fed36da2cf2d7a709e365fd9cd616f4f1c53feb4701cd6a57591fe0e7b8abf92a0cfc1a3709766713af2c3a1234f83dee2b896bc0606989cf1b15b1c3b0cab7c3a1233f30af0cf4e5f6033e74823c6ddb093ce8e7ef4ef8565cd552b90d7af4cd8f6a7569a74559dd3f52e79bbc6faaf7cd31e80e42dae4d59f5d49e019cd330377e7f8f5cdfcbb39af321b795756d6a7678a4a217a5b731c91927b1ac35835cfb06a0ec1450720b3a9bd8bfcf4faa7c1f61de6eb574db89e9e48e8c2e78fae59a394c0033f698630e921d18b6159d5c98b8946eec7817cbab75144a7395cfbcb4334fb9591badd5ead68ba8544eb6d49329ad2c8b1e6fb8234fefbbd3cc6145f1bf0f6519d01c5282899002a240ec606daeb155b1b606655cb62d6ec6ad5fbbf307c4cfd627e783b7c7e42d0e03d278f29fa3ee9422ebb639eee67aae9ba796af8b24b21a96cc2f9a69ceb7e141decff0058fe72fd7a35df336ac6c55b166d7b186704f8ff00fa4f185fe4a43fd21f95f3af8186998c3e304ee8e0d03303f88f9f7445813ba242c1ce07719be26a0b589d16600a892cb60dbabad0c17eefbad7a0ce292d62119b8c417d15164ada86309c0f402144771db866235801fa3c632b0dbe8b0667780193a3ba3bafebc5c149daeb756ecd34878d476d510fd5c6103b2c0037800679fba773f99bb5f4543ea58652af4399cc8ad08eb47e8c48677d6fc53d1dc8535324c87b6e37612d55e89c58ba574309b5bed2cdbad74519cc01b1fd516170c7452d1da5c2533a8985b5545d9bacb9bcfdb46ae9df02e67f443ab368e24f476c56abd7b9203ad2b583753f7b846b2727486401ec00af6b1bfa9f53399aa8bb39b204f1847b7337ab525a9fd6e62b0c9247952b2369ed48a0319c83161a2b6ec768e5baeb717dff00c0ddf9cbf49db72a6d5bcf7b396bad68fdf5b65bf56f2a592d5991c96396e8aac5a8e43392e73dc9a89c8f633569a166a319d4124b52c86391ecef0c25b2a833db269f9f123fe7324fa33244e78000c8a4f087d0a49c0c603c3648f3075af59ea534f73387f40cd418e823aa19bf92feb8f25d59f02a8dedee66f5be4aa83096dec79eb3ad7a1edd6aed1b9a84b99925b464464b425be88e87863f1e6875ef3ad75877ea3ba13caceed5baf5678c631921d19c962c00e5acf3ae3d40f600c59e27f0afe9c11ce7f2648fb6de4427159ebb28611554c583684e069be2c0e4d4e4dac3653445619be9bd0b4355b0626a66f38827b223337d091798798c646d19232327ccd1658f6319bb2800c0f173ada2279433e19a51f1b50736a9f0b5915fc8874aaaabf28a66404737957fac4474ca7a8d47a28b42585d73242792fb7b95027f18f3ebd98a727bc684cdbf2cb9224f40f36bb211aa344e6e01aba3d3a999f066ad93f6d87e349b0103dc54a9b747efb323d4546dfd5ea7968f41cf5851565c9db76c99b536bdb52023bb6d12b698323a5c924309923be3a6ae9f666c55a9e03facabb9afa23ce29d30ca4d86b48f1bcf2b4b519bb75a8c6166a2b189246e79c0196456c1b4dc66330919d47e8b13ba9cb77870bf73f2bd0fa013c81cf383eb6ba61e81aac6b6cb6937e666f290d2d335a6d75a36484b7764dc5bf7c8ce8324fbc63417276d6fd5268333c1b0cb75ef9fb713d208f3f3d85eb24e7e251aeabce7e7815736562484f03830c626cdb0f863193089569540b93d8a35ea91d654cf24958b3c00e4c5ad545c4cacdf863cf7ddb40f453c2b58f697217aaf181da955d97d186ddb2e9bb0192da76356936b13278dc9f373724716fab3c078ddbbec4f827ecf3357dcc21f33631e1edaa673921dd1580c6d6d890c93b6b2350b9555765b92ddf9b0e6cfd6e7e7b338e35c700d384512318bd49d1659a20a68b6239a2c2cc25052c66e1b906ba31e185c97380da6682c63c4d81e0c6a726508b24a58973b6e1e02c3371b56505868e82cf75617e588ee36efd90ca78df7e8cf603b8c9fd71610df3ed4a8cc1bd0afd462d455c76750fdda8c024077d4586dae5b1976d3001cecd27d671bbc65619cb6f39d12de54b623af74b7736ba977bb9e4aa9393da39bd73c3aa368ba3032c20f71b57a41cd9dbd7b236636a348ea880b618e40223513baa2cec833761753329dec5c939919c9062cd0e5039b574328af2bbd06f29a796b70154a3cad6bd4b7c316f0898c8c635426431e97e01a2c367188adbb1da1f8b2ac277456c39cbb9389fb7b9bdfeed9856962f9df593625b779db5d539d4b18747423f47a19547d2733e6399e997f39515204d1690d5d2cc26cdb0c61f93d97a5561b7167456243313bb386c8999fa4354138ddb4f149bba377e4879d4f63badd6e6fd305fd18a1e3788efead2244961f70403ade6a5f4dddca06b93db53de9661e8b8b27cfbbab47df3b38c3d26e03cf522be6cfb07e747a1f39ceb276133d0f8fb2ad1a6a5b6477c4fe81b7684dae4c61d7290e87e8a88e0f317d38f3891b35ef05f7e1477e6dfe9c4ce969ccad9f871e7e2746b4b51b465459278c0b981f0c258b9c861ca96cf0d3cd3fd78f9221e3992b6f95b6380dbcacd1133718d4aa9b8bdcc0f7b0311dc650893bac85801bc00c042c958337c198f7227327348f484030d29392cca187242b3171e30f46758d8e2a0350cf088cf96ed3369335274706367fc10c4d5dd5d1bc7f33d6bd0e33953a8acdbc39478c16e5a2e5b188b6bc33ac72e72e90e1b8ce5b0b7267a003d64452c8acf62190c9fda2e7f3abdf574fddbf3afaafa406a65aea492159d3ef276796fd219159cb6800d5216d286d18c249eae72786a6133dcf7e16d44b22cb2c58313a0c8a80fd0f17c31e6577cf9cb28d4a27ba43ef8a56fc0263d246417066472684ad300e13226686e459a1fa394f6238b6cc1cfbab853ba39ddee8abbf9cafef35e9a727b09f2d8e588e8291a8ad46d7a39a43e8daaefcb3bac259e94dbad5054b134d9aa30c847360e24b392fd915df49938712dc4c91b5b74560f758c128d4b649057c2a754517534892e464efd1cb4789afb0baaebdb1a0b0831bde79fa3dc8672a96e45a46552abaac9b0e70e1bf4078c63ebc6f9cbadea5ecc1e39eee4cfeabc0cc1de32f7d1e559d7052171d58b2e5b099b626726d5b70e27e5af4e3cd9a696ae93e60b0987bd96ef9fbd87f0bb24943dd9f4981f120fe3273187b250b87a2ea3306d7e6178372c07115e3c6af397f5115d659f9ad63fd1f71e275e3e6dd3bcd800a8beeb3165b7661b5658930da32c1ad79be1e33065be3163acf030fc196c598b22351f49412c027701d4d30999b2cd515865a7718cdd5bc9e591368db558174baa334239dc48a9c4dc7cfcebdddf43f4571fcda9a7bf0ce4be847aeda7ead26ccfaead5b92bdb97995e8751b1af881ffd0296a4f365cbd0819c71574b4fc3d8ea4c549a7206668e49e0321fa668312da2e5b3c8acc01930630dc6f70d11a301bb6938c63c3aac952c7b52d70cd0cdd8607bb514463916c5f3ad6b64e5d7b618d7f35cc090dfd4e5bac34617b615cf1864751963536b90c3107018f9e8ddd43725dfba060996bc76c715758c1d6bfaeca427fe7bd25dee50f7296e96a2012b340d619822da7b3fd5011b926f7cd51462fb61dc7450d6bc5771c334786a74c1867a188fee2d801ba80f78de396ef18d80fcb394db58cc313612313bafa5bd8b09e9c551367818f9831f8639228e8dce4e5393882eb4c6aa44e8dc521cbbd81ccd1f6e0ccf3675e863c19aa3abb98bd4f8651ea38f7d9e0da933ade6162ad79cd696a6a57b72643cc47793fac6a529e08d6c581b19de7e85f899d8bb9fd699873c5d831e1d5b56fac7b7e893dad6eb0f9b223a25218ac84d49c3726416b5516a5622c39b728df0bdce7982f8dca7c820fd85372bf2534f5d312cf3588f490cdafc91a07dda9219fcba357e9fe008c7e660cf57fce57e2123182ecfa8e0d85efa623816cd365d0be618fac344cc6ec618f0278f771faeb1ea496a53968f1ec7e1ae95b94aa67e5cfac98a55c9b4ff00709327f573f14dd36772cd9967def3b8f99afbb07e0f19d8b938cc2eab0c6a938cb640dedc8918c31ec8183c42497ea958481157226127e6c7bd974811ed10cbbe6d5a4d86008bab52d9bb23c36b17180261b8b1a548bf2f6b30bf454fa000e4ce2d922527adc672479a5d03c932cfbe0c44a27b2cb3176159d00960b3616f71c591e18f00055064437786d788ef309d0c5de8eeb62dce5d15cf76ef37a5d6eeb0f78e3fa1bf9faa8b166be424b53929c7e8dbbfc5e8c8e4da2c6412d1ab3c0d06120452571e7a63cdaead4d986189d08c23737308b92ce59de8eb9bcdf49726d72f8b58f0cb2ffa48cf13d339e8d81d973507bd80f7f472d31558bb882f1b9dc9d0472b235522516a201cf1d33424fd98039391f4d3e63f9aded3f8ede8fcf43cf474ec78f9e58b52d9154b6bcceba93d99b09e0075d4a8b24b5846728f3f77b7288ca42dda95617ed6f577911ea21bb74f00f66dedc867e5e4693b3ba8c646d9833861eda1b1721af66d1e1bc4f6ed5d6b9f2ce7eaaf184cd8436d018fcc0cd1856f8c9b3c43248825af70f9389cadece444f983e54fe9fe181f9a103a579db236a27e4ab456f92b1eb1f3c729fa549b54c236ee9367d0cc771c97b617e9a63cf617be6d3d68f1f2fce6ee8dda74d9f20e5b23572ee35a9e0993d2c1bb92c8b16c612d4f71569bb52c8bd7bccd90f6edf9ca93b446bdc564f5ece41a0127878133083650b93d7ae512259e231e9830863b94185d96d5696a2dccfa48745b23cc3366466987724f9f4b49f43c5930c90b083233bc4781b681b23cebc1c430b506891bad8b0ad8a14c616abaa2613b6c69f234b6370c606028eb22063c36b94f6184ee44dd311cb37c7d3e670c90f37a1d4b2aade73c9ef4fee3e75b88ead81bb21308ea4c609cb5d5103462b400f6711be8368c56ecfbb7d181e3ce43035611a9cddcf4d75689246d1a1fb8664e1eb0c4ac316189283ec884f5146c924b515a7b0e706d398c5cf05c56b3deda9fb71b9390c7dfcef9a1c9d288954b7bd771f5aaa1e6d1e6f4a81f103f421e31f739fc6f8e4077bc53dcc20d6158899ce6bdb22c8e732487c85d3bdb7958b9a3152dc089be15aafaf79cb3a9b7af5e237a71a7fa2339a12ec31393d84c07ecc24a161863c1906920c4f91599c3875163068d18c7b640cfb330066d072670da8d68fc4ccc71f2467729d7335b46133189cf305fa2645a36bde581f8ff00ed836e99f955d7d89f23a7cc6e6c18c593978a41e12492367b214b5687a374689e1293a26cfd1290c0ce90eabe24eae88dd4934209b985ca5afdd6ec67a3434dac463aac65236c54fd3e88b900b2c3e3c33aeca7ec88c57a67b261f2d8f635575516156e3193344498061926f44633dd7aeb9248c8366dbd3968d09736d930183d27a1c9b506518e4fcc92a9d660da2cc348dbdc798b32bdb15846710f911dbdc132cf1557e1d2cfbee7b506d258f59612ddc3c62d9e3af11f5ac2fba681a0ce4cc06bf45244ab5f89dcc83b0dab12b2f04c859dd67b2e0b468ab779bd8984feae7897ab7c130393c94c8776d5be51be830029f8661d328726431b6cc80190dda95bc4204144ee312a418b69a61e492da782a6865985c918c3663c01278db65f46d753f99ee5b8a6a297530624612ea03c3273e42dafcee7187a275dc9ccc5ed98384cfe258b60d129cc565ef457803d1de4beb23c2e6a7803d978a16c6aea54c44fac6abacba24993fc5642c9a6da6fa4d33080f7ba3103e7eea2647d1c13d5d5407b3dc5b6b9cafbd32792783490a25a3353a8351236e1218de6e4ee55459d51319570d0390b271b444c9d87a201231b5c9b654c1e3116ddb27930894c3e9246792354e57b3c723ccb23ab63983f2d1a79ceb7f367d4d8ae4fcc9563ed8791cc7d63a1e318451591ca494335d198b2d1b9ca490f96ce4cfb2787ba679ebeaeacacaaff007457de9330d91e87a8d4063f51318781a181990f832c92647895ae428c60f60043ec28d85906479c9836d456a44a72891f46764e63f478cdceb2cc26234e4daf6e4fd487a4f9d6f5a58e4787a2e87241cd15e499847969f2333b946dec780e3cb6f234024f484daf2539ca795a4d390fec92d5c600666ec11bbe0126d856840985b3b23ab52c6ac5833230c78669394461d55d0b1551cc83b039c33946cc3c624d4aacbaae7f3756cedd9169fab30b52849fa1d68ad15326a642187a60586d11c20f0c3d2a51288dbe30006786c8d12d4545fdc5b79ecd16cdd212b0c464fae41b97c0cb6ab7e8de6d52a9200f1f347bc22f051a2c49395eefc1bdd931eea19eee618606659ce24cd0ce97340894da2b8b22b0cb0a1927a364e1eee1e1eeba7c6a0d553d6784863db099844f25b0999b0b3a530698513cddd5b5cb2b4c1306c0d4294c9b2bde48ee0e3d733d38eeaf32bd201d6ebdc3de074b4c64dd618c9b142f4c7b009c3ade6d09a0e753c63c5e1ed44adef0d4d50c63655bc31f993cd9e219333762b94566ca6ca9d51326a1b46983213c799dc8cd504bd87bae572673816689e15eea4467e5ba2bee778f2c2b1df74533e0c5269d66c8fddb90b1abd982493db543d9dca9bb3e68c166237d06d4eb30f57d26a968089b30301a989c6c29aa74867c3f0248f1187ea06a8492185deb0c40d628ae36acaa2b79fd7a4e486db2462f1d7e29f07b6493b3b49e5d3485a8513c756798286d75d13c0eaa30eec1e21e7e8323cb0602cdf947a1f8912af2be1ef6ce943dbd80f1b9c67a6b90b47b330f608b5491b5243347e61940033c66386016c32d5b928cda9fcaa073c83b0b3a8cf11d81ee7e8b76f33873c2acb49ca25248fa44bab22d8d5af21a8ace4bdf766f252ddc35b36b1b0b1dbf1ab370d68311196667081d69f27ac1ee089e396bd19bebf33a25d5aa732b2797c456733d2e4f0d32b5fc78249dc062563cc98ea8bc550685fd59d1eee41bd5fcd288514ec71018c4b59717462b1b8219cdf4b58f2176c7037657e39efb93ec7c0c3007e8c4fb9dceab793ae9b8e4d595915473993c6246efa6b03b320b0988c085b171c759724319d09ebef8b1ec97ca2da781a42863c12ea18c8d9e7e13e889fb8a6aa8adda2aa455d2aa7255aa2790059916c6a726f92b32b23216f5e5fcc647b1939b52a5b3963d9e0186568dbf066585d778aaf4fd24879e6a78c836318f5a868ac67a1fa289a13f97487fb9be35c440d12330e4b7d946311750cc5ae46ed1b77e6cdd7dd2bc6fd1bca4f69493747d7f55d730334881b86cfa1c326d065a71b4692330b00633b1d1bd033178b467306952f1096a95339452d1bb0abd64f0f90863317216d4e563f3254cecc1974d3f3f596e92c230c96e8dafc0e5a18da0d44accebf995a4ce2ab6d3fe53752f0c11d5c2267ad67bc46df98b787e8dc9d8e923ab92c383d1e1199712679e356080354a8062e19a3c31ce2eda5e0c7f9e55165f39f2a7711d39bd84b73344de89381e35339cd5d68cd51299a84d77d984408d32d97381c915b7bc44c43774564ccb50e7864adab69bb0cdf7c5a895d234d8c7a27e69df7cc30f770569d031d32796b0c9d2f759b354b49f164ca58b3922f0f91639756ce6a44ac653068fc31fd5e3ab98a75f9a330c8d964bd92312a64e6fa0aa3ccdf423ca6eac7c48db6a567eb3cfc5a1f3f897d9899b43255874e6c8a72c5d4b614f2bd96b090311e9ac8e461eda8cc57923af79658e8ffbc7f9e9f5a167a7139af6605130599340dd16a7561a6e7c796b5b9bfa1f922a5c6e55151b44c0664d0a1edb7e02c5192164984c3f13b4a30dc99c6ec2665b654e5a06edab06bc0d81807d0242b350c781837218db2461f8b0d7b64258b78e09ef66d59f9718afe893ce3533cfcc7667c2f37456592a93c2e4b1d1705e1cd7d0dcce6fa6c7ee37afebe860cd4bf8b33e46d839323ab6af31899c7b284bac551849b7e3e18f6bc5c73f835ba15d419ee125115aba7f1e6299f000f4893c91870aa604d74ea9c49e615a4c18db9898acb45ad39894d96c3db49440667924789e1f4e5afc43351c5bce56254188d15b3762d690b23c327324f15968c9cbc3249ca091960c34d15101a98642cf3aa250f9fc45781c471d06012d8dbdce8b3a5b58cbf89d5976e03945e93719c891c1d911599aa978d1e320be308c843a364ce6bd90b373930074e7bb5c5759f033699a11b3ee4a3bf85289fc6ce4981903beac8647528fccf611a985c71296c964927915b231a7e7844fd46893867d512f603ddfcd54add6bf95b99a3953cdc27553abcd53332f9d36a756e8eb8dc025bcc71fce60e3ce8aa8bb1e139e281ebae48edf75a9a9d5ba9a93751b75ba43705693f099cc225336062d8e22e26c96130ad909e69ec6e6361cc1d8dcaf792ddefc38d773035393191603cb73018b5b7dc60038c3b6f908d418f7b01981839233b71a4863133dbb493b6ef3664e4b0baa19219cd74f1432d17aa6a5bf17305b71903530c9e36c3035b706a7b6130a1d5645627df700f0cd0f6a58e2d787e4e63f277dd78f60fccf23dc9c582cd9244a551b1fad1a667b02fdca6d9081eb28d00ddb56c8f12e4c73d09425ee06c4bf6eda8b2558318307b459095b2f5b46b1938c64a96daae99f2195bce62a2516193c635f1196b523acc9c33f450da89f0ffaeea89fb0acb5ca8c8ac78aa472564923347c7830c5d57e6ff76f9ad17ce6f8949236842dbe8eaccee62ae144a63db0b94ec9fcaa192636f31b7b0ec4b563392631916453a0d924ed51b230db60c1f4c00c0cefb2cc5e23cf704d2a93d74f707567e636c920f6193c619872bab2424c788fab06d26cdb4ee1e8ca8307b924624e9fb9bac4ca3506f61886ac72c625bd45b4de06df4ddbb30944f8dceb6d462dd9ec7b9233ca535c8ace619b109866eb3a044cc3e998c7449cafe3619a11672d7253528888ccce8479ae23b31846a031cad6018daef21cdf4b74fd21641c4f4b5fd06eafaaa5807245be85b4c1b16cb39fa31210b09fa3d21f92cb5e18cd69ba270239aaab9b320be48865df43e59ec976af8c9eb8945c0b0cf018b19a68d003c605b93ba97969ec8498c9bed724c75252b45e337db000d1309e426064a373645edd59b009dde0cc911d19c612c988942c068c22f1e0c7b58d52401616607ba2c0678613161387980db8eada7dac7857be517cbf9cb57dc9f19f188949e3c7c7bf7d77183bedc03747eb006370804ecc5a30f144e668d4613c79d437b195bed6032145d962c6dd16c86d753f830aaa19273095e0f0f7258b8d8d240e8c9329685b39de3cf4d6965e5645456084883986ec64c21f1ba718cdd68f22b21fe69fa35e72cb2d14c2ead49d1efcc3282755624672d690c7a438649e4f1891e0340250d8d633ac79a9d19dc9b4d660dbcec9243e78ce3a1234f237446b485aa6d0f1dab790a32a7798421d63ea5c339ac6c5e17b6b2df99267caf781873366cba26c961350c8918e48b0783c6758d6000f08996dd0cdf2901172df4e6459c8c6004d91b992272b727b96cd2c246c812b3c6e7b39b84acb59168e9a98e8093d15afe4119994c652c312e994f83074407d7b0ca7d9c4728f60d479203731a8e646398fa2b9b1eca7dca79d3f7fadf07f47264e97a7d094dc30486435ebc28b75ee19395a65ae51b91d0140182cf635b3cb51314cf28772f1cb0b4fd66f14bdaa5b7abadd9ddc09df3b41babebba7ed04c32702d5b3f3df457396995d479c9cb4b93bdb0933ab31b5d4faf07c6ded9f1e094775b6612d8db92c7872647862c6d160066633983114560d6c249c30592daf0302ce41bc04609c016b90e23be8df46a8f75a3ad37a7ed9fdb7f2c36a2b1c1ed707cdce75f67a8ff25dde9724f6dfc57f70c67728e8b8e46e6b1c5a99da898ab30f6b4624342def1923d96490987cb73be876790e9f29ac467e89608941acb832d2c3ba32d7e6364ee1b7e4840dc31060db283e677973c5a8b2ce84b9390884cd9c80f8f8ac22574563749f19cda9c9a5aad1df4c2d6954625a4eea82e1acc90b0c898c943e30c9f6e3199e59cd06ce622e9c60dc9ab607987ad7210f7cfa60078d5e4399b6ce79dc7617b757ee6470c93c8672259261277e9d35a4fdb631ccf617dbaf395bbc8fd1e4edaea027d3b0e8f61e3e86e489f33b445d727430eeebb99031fb46399de169b03adb5bcc16c6793932a9d7bcb7475640b39687d9ca4d6257a62c5be2f4c2aa88ed646628384ee6bc0755d574706daac630333cd981e8db47046240d046c0a2db9587cc17953f4d718eb7e54ed2e97a7f0de8def0e27eafa6d311df7412f7157b88b2e615ec909ed190c0e603242d462a51f45280331be60e99e7b66ab4f663c61f66267fb7c9af59cf3f8c1a46ea1e9b7de0acb99bad1046f9b3aa39ee95d20f60603ae2c8b33243d86733801231ecd3961262df2a3d91d41edd1ad65a1645ef46115ddf9b58c1985f809d8b3a9384e1eef6e4115722511836e7c6006c751ad5efcc174f307eaff9d325c1159cfeb3f94b0b3c8c76a9a863ebab75d44c89b77f1a7f5522d2f31b58d4c8ea02e7648a28f0cd8792178b3ed5cb3a7dcadb6610c72c33a5b464df6c67af6671ec9576f216a148b0ee018780118f1b783da9d4c20e71b1be6e55d03c97d69f7ed9c1e9ce8bf976c9e43154bab7e20bf386358af600b54aa851d1070c2dd646dcea2dbd44120727b6196b9927786a3341381ee6d90625b5936684efb737bfc7a7fb5c5dd99de326edae40332e56a44ae3e7711a9e16279bc7757e893c135baf75d49fe25ed9dec9514fad61071d5187e463cbf53395a06b43e92786574b41dbb537ade55376a426479e26e9396e8c90bdcae946e036dae4f18b56484375cca638b5994f35ecc6d32ce69ea34c62ce6d83f68d8953e7ba1d8798c0b3857c5691e64771e72c30f037ca9506193f39ee418c30b7b6d01134b00f06646de5dbbf9b29b21371d336259e96d5f1cfde3f05bb1ea4658678a5801f2a61e7fc953dc4a43f71644863522f94484f8f6ec5ba9f187e5ae07cfd7df3ab3758fac5e387aa0b77e82e155d57f8d7987a549665b8b0bd11f2d6d141df3cd9d33c84d31b5e16161bf36b90c9392e48ac6a75c1963939320c325a7c6e7eca1f96879eb8648f15d3db3078c48c374c18c4b1d5c9b4fd2d9e431b240c199e42b6698d5bd03c479e290f4fc6e756d465bfd25f874b5d71828e228f15bcb5f3135acf6a9b13d62d599fc4ff00d791e6a93c7b2c4468f479333dc09e619b449f20730b32cfa3ae7d4eef10cb39965f10999ef9a22512b469f4a9181c91b46d62b5a31b66624492da12464589f89819f205f047babb9eece65115ea8f2829d59fa99e33ea0a4a33cc1e21e9ce56dcf59418c614ad63c07edcee8b8c8d09d92dcc344cb592599b0a334248c3d1c9ab40cd4e4dac53d2ed40581f3caf66dd5c47a492a8645b0c03c6562497353f6ef2b832a7587c920e5687147b66467306699cba86af5d45cf2495ccd121ec32a25355691bbbc09b7542d278c180d6df45bb725175cedcadd8f5918e84e6c8aa168aeba49a12438b2ce02bd3fecd27c64468e6d97bd68dafc3d931519dca9680c8cee8dd71849d64c804d89171e753c316eb8c2d4127c894b432427c600c8c3086ccb6d63d4b480ea71c9e29ca3bdd7be45fbd9e1175bd8426421a37ba7f5d4fe311ef27305b0f0d7899405f75995b5018cccc1d59345cec3cc7d2dcc0146f5ef19dc033f481cb521b8d947803dbdcdf71ecb14c61583ae91e78e99fb96d7b45c9787b72de7e530c30964126351832f512750de281f8f1a46b352f5dc53244a66cecc484319fa760ce5830c982c19e508a2b3530c3e2a626772c648f74a71b914903fa1bf2593cd5a08f71e25e69f591ba0729cb33cab94ef57cfe1992e001d601fc51fd8d27d007235008c4e40084c02ce836d619387be5199254ea623174d3374b29e8764462b9a098f49da92b8047ace84b3e425aac8adfe6d9cf7b24c35354ce19f50aa5184cccde794fbf0ee306db6a3cbdfb6dbf959ddb1fde00e2aefbf3ecf9438aa0d84132a8dcabe2f0375d2c8863f73b3b2a4803c25c9ea1e3872ddb7346619b8b0c075018c7498ca80f551ad58c9eb4da667b92af074f3d4543f45713ce41a25730d1c558cb4387ae7bd17e69b218b9b47a672463eae7e31b67c4f1eebd2545a24552eb82ca4a30b506eda4ad3a5aa4e65b42519b007ae87e758c22a622e4d43237211595aaa4cb591b56d44eacf88af3bbdb398cc0cce48c35f8f8f3965e0121900fe333a1a42e1ccf3ee5b5ee0006cb1600058ab746270e032e36a8db90742693a4fa1296b3d0fa17e1d7aa1e6b74bdad4a198e5759f24404c15555d2d803920b21e2ba9692bf3c30c8734129aca6a58d73274873d85032d84bd0ef493d77fcfafb84c772ef07fbb5f9ec5ebb51bb1178fdd63c537c8bbf8c72d30c7558667090b5139b37d0633e9187b31b58233c8649026c30c480d5ecfe06bcc9e54c9249cdc82b19adf790c48a31ee232262c68a96969215536d70afbdf3118b5d9e61fd0bf8cee86b03e973519cc62d0c4df4c0d682559a5f1a73f65d1893c7bf8d7faf59e66c3941a46160d7a8f45e4b0916fc787a316f04b3bd8b8ade546f46b289fc7a48c83378dbdc49622c87c3fe2dfa06eae48f9067299b51f5aa3130009eb01249a7dfaf1cf56d73e3f645713ce661637b6de327bc0b6713f9bfd69c78bdd4ad4eadb3a0f90b53c6d64928acd5e485a9f96392c1efa481b14eaec478f72196d3c81c36283d0c72e9fceaea12da9cfeb3c5e6067eb46aeef3795ce9bdaff8a7a4bd6b4f4a7857c67121991e591e6de30672087c6eecc1b4ccda66ce544caaab6a13d508f3f4d859ecf2d7b532a578b1406d1187bdd69e7266100448ee993f3dee51d26c9426eb5f4681513aab5643ad20cf4cbd268f3a9e32e36aa9435cd68a35d1262c845864e58c24cdb7aa381ca8c8f63739678ac55ad99c7a1f308c6793cfe48ca8f788de8b1d466fd4950d71cb39aa399badf8dba5d8b2f922e98c7a1f4dcccab84cfa5d5abada834e79554319fac690848db96df444b564569d9211833ea21f40df746e99ce48bc4705f4df7b796bd7993dc9f223d74e3f759c90f755d8b42c39cc25d54cede909988243bb23950b0dd71a98c6433090878cf0d4c5cf1e21f2d5879e1a2127a72d4a7c64aae3ad26d3add560d9064cdb4602863966eda2249a5755ed113272ebc397f477e41243daa3def7c6131e45ee94da1218b4878a947418835ab2ca198ccb1877d3f8c7fae9b469833b0d19e435e82d4cda34809b2a68c8e4e4acda4b5698dbd21cd7d5818fcb0d232251b92327c522018e4c757518b5d901145ed13e574daf78b9d85ecf24a284a1dee24f9d1e72be193eafaebb1a49cf0b679cbcf77150532585618ffba7278c2450ce4198bc49dd63d21dec63ccc6e342761c37cdcf608b6ca9b699a31dbdcd3d81fd09e259d9036afd478962e4325be6afa73d17e06f783f9abdcccfca6f63f84bc1d1e6c2fa647e1dcb745cb18477ccaf063dc56422dc99e4e2a995db0f4693b4f2d3975447b5aa664ed5a0f9ccb79edc9737589fc853f5cb7289529e572c708323b5bc44a423091a6cd5bef0e32881ad874e5ca011bfb8b380aad15e2d7ca5442ae8784c2ec0da19f4b464814fcbecc5b0f8c393c2d34f86188fde80c03906c481a6e1e6578c08dc3207c1fdb7e7d762fb22c1a22e5fea1e0b9d63d035a7b69b9760dd9f5d7e5fed568aad33fc67d25028b887cfaad2c6d99e6f87e8e406521d097950ec5d3f0c9e41de3a758f25f51219ec4dc7e70fa84cbfc16be840cc23278c2ccdf6ad9d455de20f7275d0300dc600c09080c1b7376d60e44c4a48b26d218c3a83c52d6a574326721834e72b27190f48eb2181c8464860048d4240e72b9b8e7f46f0c1cfd90ffe86fc8b2187b0f679afd62c0ece9b787a097392e47b3bacdb55021ad7d35433237fc6bfd3cf663512cfba40e550f67cdebd9b30af18f6c324da7719f86de99fa7f9c7a3b1f649bd452d45ef158bdb08b673c989503f64786096ef1e952d95a68ea3623c6d3e2a3b93a259a5388df697247a1d84763796be9c78d4867395576bd7b3cf12720def66fba38d1c8c6a7e5ae4848cea6d5766492b1c80c622cc6e4e6313bb5136bfa6e3db5247b8c7f59fe570c647b72a92eb2184f3dfe79e93bdbdade3fedbfe56fd3b4a7eec67e63bc0a02f2a2a3f2bb9eda4af82600b3ad49878d278da43e4952e0ce879cf37ddfb5cf375a6d85c6248eaf6663d1bb3b45eb9d6b1ed4d4f9c4f5e7a311e3ef0c13d92b333c308f6dc57672a6758b3ef7caefdd506637c9cf1d804e26e60957421eb2b793c9115b584c25364ff0056446237e5a3c8ab7213e1ee486cd8603287a21e0c7ddf71b09f7dc919aca1f8b7ad38f3b77e96472bf52ff4b7064ecf276dfda7cc3dc6e488a2ccac7a36aefc3bdb72bc7af5a2bf07f7330b22969fe2f9233a2d44ce957cfe3cbdf3941acb849a67be39be78c677cfaefe27fae8ba38da9cedee06650e44e124f6176679d7e842c9092198f1f80dd81ac736125c963546e6709a172d90d452c593ac864b463944a6c3646199c7a5a1a2264634bddedb4c5e5ed9d92317269081c327ff00d31f8b3f4637897bdf1988812db6091cc40339b36eb35394bd07854142743c6eda8e1dffc40035100001040201030402020201050100010501000203040511120613210710143115222341163208172024253342263518344330ffda0008010100010502919b11ff00a1607b325076264095ff001b73269e7284dce1b5e046ff003d5ccdd6d782c50706ad022428bcf03e0cc3f48cbf6c93460da1f44870b2c0c78fa620068060448281e0f2f0548741fb5426ec5992461046d0f041d907c6d1f087ee5ec1a678074b990b928c928bc346f99214ccf023f0c8c91a5a2506169790d507d19cb579793069160d87869790f019e7f708ef6237bd3ea8621576595428ebb13e00048368f618993550bbfccc80699dcd3e491859909c186eb2544ed49b0a4a625418624273118f2d090c7bca36630a4b3194f9097f0ad2a9b0954c8fc4c81f3e3e788d6b8faef82eec7c38e565aa66ba7dc95934390d910b276471f6030c8c2cab4dea7a54de0e2a600c3c0001e49ec3db6645f2a49432ccc0c35cce2cd2982058c30494de00aa03e08493243121fcaa1b535750660ca092f16715fcc0491232128324d4738897cfa6f444054d579a641e248dfa0c9c230920d29028e5b2c656b2c460aaf16b091cf21c059ae4cf2534cb31bd490078303d884a17700424da99f081dc043e3808fc6d52cb342488fc29d430c9110f31193b13a019a869c338930749e0e184464c600bb2f89f5b37263df1d9a5698fc6932187b44d9818c190c4cabff0f4f78260126ce3e47818c3117900898225e86d858f596ac2d43a43c1f4a331f8cf50f1b20e127ef1c7e0e7e1efe337e400569e146f53901e8b090f67384850863955787465ff00a1dea707719440207d6c94479e01029e148a4780a9c8278782e1c4f32131e74c2372423619a3c1ebc124001ec00066cf6c84479e676ce6486720f1a78d00fe0b7a476f5c133b8846c02493f7121e1adbd90301642bb2c6a258c448df71e119a4244c488e73af982263f313afc94c487c93a641c0b0f04c93c99827cd1e8105e236311c99888ccc6f51cc1f1da3b0fe0430864925ad892d4d2bc17911c80282e4210b2c950b50313cc73ac86259ad4e14392c805f31f614d89a93b1941f14f1d98d8cefc2f0fb5084cc80dd6921781300a601e64c790f21ec9210c28d62a304a87bc087929f8cab2a76131ef4fc54912bacba4065c018f9f50b267910c9bac5f131f34285aaa9ff0016512561bb51bd85ef601cc82cb56898ee5d05964586765e04cc9989934c8599346790a82ecd01fce10a3ea89009a7ad9363eb1a7332eb0892fd529f2432a9c3d8fac637b0d68675f86d87e33b078102485e43fbf11799818f650631320d264d1b1476a32bb70ca0d3855ac1bde6fe0ee3d934395c74d84ce7747ca8e713560bb15b6618d86a98c33be42a76a39498e360b3561b0bf1411fa7fdc7a459e3215cc132c7c8f8321d299566571bafe303f798096b5a1da9e327642fede0890b11e6131e087b3f461e0fa13734368424ab30a61e25008a909d778a367c82258e71a64836a81303c92413a23ed874a37807ec0f280db241a264e203f6a35dcd2d827b11b418f82136903b4fd144f15cf658000640c1dee6c612f52563cc8098c8c23be60bc07bdfb7ee5518003ced02c6033868f93387c6267bc3230351f3ee468b970f11c3b7be38f42184a86847b9a31c268c23097864c626497247c624f356a8d4f5602c9e9188b0128c6491f71bcefb64a1df61a53b1f013a534811b442872565826b51df13d36010d2676fe01ee1c7cdb31bd8fad6b68682df99e31333e2d981959e381ed84fc8471019cd219925497e60aae40caace9e2cec07d9600cba10c94014d24263fd0a859589ec41af8d0946ac24c986ad2a93024293193314d0c8c41fa3f95e060b504ec920f2634588ec09242c2cbac62ad9bad02667313681a15654714f05f04903cc91ae6c88beeb18e832c2553cf3bc8b53b1332da1f920638edc25ef9e9951b21d4718709aa971e62031d942e12b9a3fef346c9e3bb80bb5df8f7dd7bfe2cef8e9d693661055a8648a617e4dd79e39d433cc5904ce03e43d6fc7f63c4835acb42f95aff058743d06cb7e47a0d9feb347a7b3eba86a88324c3b0641adf91b7a0c5701018f20efccdfb2c63ff780ec9f0273cd81ff00b83c90456814f8c9447984bdaf934f1246c04bc87d69891210a35e13130fe9be2449e1e0925834000be96c23e5e1e40ef12b681f05761e59a20a67d80c6832707bec972337106624c6798e275fba0c670e413c7e87ed918781031a09d1e635b05185e498e4500e438220911eb987bd84c9b25d1a6491bd182b14fa7187fe36acaa4c7e98c6705342c227840788e6063857623083e308ccc0a3ec93fee0c677f1610be342f525204329921f4cb23e1e0bc846461277cf9d989476e495904de639d8acc6254f85ea481e43293c8ec76903c849cc28ed48c06fc6f0f7b17643d478d9defb31cf023290c171ea0b8fdfcae6bbf3286e3342cec199851642f6498d81e64c395250bb1281f7d8c2cb29f1da2d63320c0c792cf8f0cacb548c4be2920416627c390bf5c332bdd64f1c32af841e26aaf8916233f69b4eebe57ec6a06735db007066a40c53c0f950a791064a571e7b16a24cb371885f9c2ad2433b03e34248d4d8c8e50609e078d6e40019a10f16aa894415e60f16a6ae23cc0d0c840bfaf2548c4cf2278f6cb3018a45ff001973e44354ee3b2146bac2002667d6890234cf035b3268a7b005c112b1e40998748bff004935a2fd4cc20a016908d00a480923c26104f061534049adfee4280f8e21334109069e435826d3d92029ef04866d1600ddf25c02e0833c141ea3db947c00b3a2f6469ec0d2576fc00a40511a50bf82ef7e8092482510022fda796000bc8787e983f4e251fb8dfa41e0a8430336cd18d851ab194c8480694853293e24c218bb89f2045f23c739f877dfb90be563e309903d7c67833a9095c0ec41205f26cc4a0c93c98ed12a771d8b53a123c2374ae4088de0bab470caa4a1b42b1469029956709ef981ab3cfb9232f4cedc0be63003209449e03e62e4185786113b081269473909e66958fa11bcc949f103cd804de63b50ca088d163c20cb85ec8ecb0c1204c234f79623674993128d9d236422f8d73849e0c5c2b22cadb92ad57af81a524858a3b24033f32f00a355cf93e03e25ccc429dd7ee67c84f905fc0a1a285992251df2f2f1dd79279c9334237246216a6dc1249bfcb5d2a3cb4cf6497c6e3b21eb9ae7b53bcee79f6249013f3105e11d6980a7b02cc56d85e83e4fe1fa818d7ff0bc6d9fdf55d62fa036102b9ad92880111b3313dc3b403ca8da2254e61382148ff0d6734d1a00e96d6d3ca1e53e10b86846fd2fe8c5c24246a20405f4588f91dbdad10b87966b8ef6a4d26128105300d491adf0426d0ee02891b7bc84f792a38c944698c0a4ad23d32ac91210733d98da0451bcb31a1e8e1c84fc6cc0cf59e14600131608fe4c653de34c0fd91c9021839bf51c875ad8d00f1e517ae7b0636144683f6f3c5e9fb009f1f27486909e4890be1e7b71ce056857c662ed9629297749c546c11c2189e7435cd6881dbda7c7a602a3900642f66e48e39d46c918fee3c2659825323012f3223e4f6f6a68dfa8e09ed038f9d89f5a40840490003ae63e53204fc96c4372394c61850ab5a516b1b03108543fa1134698769ff6f8761966ed711e48902d473af3bd724580920ec8d2936b4570e283083e5762378869c2c63eac1bf85548f811c4a6673608212be1c313c484190971419c4821a7bd1921f1b517b35332320c63b6c843d9a2c5deda64ccd3031e3869ef235cddb924909b54df28fc74fcdd899b7f477fbeb69fb0048acc31cd1cd1963f03927e1f2bd3b73e65323c13e731189f1f26c1638e83f698768f860792a4874fe1b10b00120daa12709c3f6c7bc17b07e87c21b77b1da78e098468488f9120db212fdd93a641a286822513e18f2d519d9f1a7c7e5df6090814efb0540cd92cf263f020f3db007809e4f02f792c63f6c7bc23048990381874470627c21764931c0108c05cde887b8490bc9f87269f49ae67e36b6d98aac14f03350d57a92af051c00ad44c63ecc6149621d0b20339928da214776351cd195dc8027964aaf99a20fb3227cd2102d4801b93026e80999b010c997aab7e4d4d98631479363cbeed621972b124465160623774ff009037b05320e6bb0402c503cb089bba383c814cc0fd30911823b31927b31233c7b0f059dc8d18e378663e120e32308d6d292b0d9c7b2510537b24655001edc4a47c6f47b68c211ab3011b1e07653e12847b46a9e059c0f3918c16ad07fca9988da615b63d32a735f0181869c853e07841339832770c6c1368c73231bcb0b0f09230be3308f84f09f5ad0f6edb086425e9f4d817634a0818f6494e37b3f1208fc68d32ac7c27a0c08d3d2301e0239c964257c3057e9133e442a47c64770a217f61104b0b38bd6563213000cf43f3c33bd0db520fde567760bb096590c47c184799bff9c6a605ca3204819b3698583b9a7d6b27b0c20bd8027a8fecb1734f3e0928bcec1f0fda7c9c06fba07e8f1e578d3f7cf677591913244f5bf264f3b0a38d316d6fc17a93651da0642b5c8c61ed5d90b64a3e077e48a4ef9d1bb1c518cc56d1c9e8b730363205ec121e01e41ee6ca900076f0bbef6063c14482a4d0321f12303d829735f14852562a6874b868091fa2f91433d981f2597cb1cec050647a633cbe84cf5261ad3d4d839e251d59aba6596400d963e43189cc8f9ebc90d9939b321244ab6425b0cfdc8642f9488e66184960e649823e65ec8d898495fb80f7bc8e6cd7782eea0f85eb84613df1e9e637ad8085a98217644c983d3e786211db8e5509013ecbf73c85e017aedbd70728def005dac849014f9e16013d5d7cca51033d2953e7a013ee6351b38a94ff00eb4a923a7b8cb2202e4617e42b05f2a9ca3b34ca7c1185d8d13092180ae11a31d6d1640bb7e638116334fab114fc7c0f46af01c232b7481ef5561172b6bbf095dc6263e32340835617a920ac076da98245c0a31c659d9da9a321801d1d80f098bed4918400d5c8d92c65841ff8b19b7bb19192639020b3f188b21b4f0a00a4208f00cd3690249864224caf0159f1ecd6f30c075237e9079079ed93121090a7924eb67600279a999b6472105ef62824e6c793ed1c64a074b7a3cf65e7c7f6f4c08682ee78339d09b607d4818d64646f41e8ea22365464aef4605a9fc77a779659b2e337c97a8232f7c75a40bb6984b132ebd1c93d7cd908f9ba42e335dc1a1ad47368f7d1923717f6d77981433ec9e6bb134b2498d937263e6890669e340903818d49563e0fa45e18f2c923c848c4cce4ac30643baa1642459c5d6b4f3d251a1d37662393e9eb259f8abb0a8613b8c56628fc961ed164e2727619041b2640c124c0b207f90769fa4f8dae1db53f003e506165a9890fda0015ad03b79e04211cfa60e03ed19266286d49b7d99ca7cd640f957342e5a08e51fbee32c0e0f066648f0637b08792b4f018f21f347dd1346f8140f5278467900f95384f365e8f79804d95964ffdb407e664f83eee498197ee1632cda283ecca3b33aee59607c99050cd7387cfb2c472b641193b32892432811b09ecc8be35a6060913fe510c16090f998993cea40f5cee964135f6264f7cadda021b9722525ab8f46d65512743effaf3ec423197ac956ec3ff00e39667f1dd7f49e1f03c781f7d555584966908d9c39904bf698c254f1ed30b180bca7c865647194c2c88562c3664db031fb5a5bf13109eff003b51920eb60bf82ee6e43ad860dc7b04734c2102bc0124fc0c6cf2f011fb1e4c616fc73f624841f238f7de0fd0164301b41ef2f2d3dc934f9e67a02422b631fdc8eb56629846c11f6cbfc05349e6490a07c3cf911bca8d90b1092306d5de0cf9fb30dc8c42cb8c94161258c917c6ee986946108005ff00c8c13f80f8de24a14897e369bd4d49f1120b5f0866c16314d5a95a2fc3412a7e1caf8bd811c8f88332103149958f505d33b3b85093b4b841604d8982747a68052e0e7318c4d9aecad2799b271c44e4207af9ec616661bb176b106cc2159bb0b07e401060338fc78e71e31853f1b36fe35c8903220cda63f44bd061d76420c1bedb16897f6c2ec42118e328d08650694d121348c226612fe04184ec03c03368465495bba5f8a5d93128e18c814e123f1ec09f0461334c2f9034179418c943f15b069cc0c7dc8909a441e428e7628dd0926080a652a613295521956188982b3d0ad1e8d3d89ab46c7c91b08edb3670e65270d2449f0160859e3812877097c9698459b211b922f9b321f5a40697f5fd1da8dfa7dfac2d43d31907f4f755602e7c8a489f3d49187d327cb1ff00a1df320ed8bfb9c68b01207d81a05e5531b9e71cd918f2f07da41c411e7894010a17ec5962e1e59fafb33653c9db26d28e4e41f215202ab02184153bc6e17ecf718d45fe3b8893b67fa0d6fb6c41fe2405e8577f3e1a530f1dbe0a11b1de0c13dcd192e3c9659d2932853ecbe510c674c08c2c2be30632600319247a120953e98e71d678642ce0d33063230f23980a4b8f609331230c19313986fb0a7dddafcc4cc7d3cc0b0a42492c8c29a6ad1292e6cd690bd0b95a253e49fa9337e24c93dea690935a40c30dd0c073601fcdc854796ba10c9e41e84f31921909159e1f1bc45132fdc811a1df51c06251c71ea631b0bde1cbb31951b236086780064958a13008e438219308d9f3bda91fa31fec9ed2581f21781cd18005dc3bf93e5f3b177cee316b9bfb8a48c812324e6c12051fdc31b2561c6109f1be27ff007a24cd5be40149f12304ef139b55c8b44a1327c899c09d7964e02218f53d608423831f223e41848782f7b279276187216989992b2a0b42550da81738c8b2415c0b93210c22d40a3bb5b7256ad38661ea2fc600bf1f0e8d38c19ab4011102f8d48fb7f5bdada0f089e4b7a791b596ac449e90e58e63a3b7a47ef27189e86f463f2c2bc6d3ca792f23ef7e7b84a1f75800f63f9ade96fc231f30f8c80c8c29084c7f02f1dd6705e103e23fd54c86c28670007b9e231b4c1a0f214c4be6647c4063cbc829f0ee411f22468067804ef65303f71fea0a7f64adc24f70303ed70536403df1ce093212595669d331f328294803281ddaaa5ac2f9f8321982345e5f5a9c200c6bf71d09384948b1923de1c2d4e50054933d8f90c6f4f91e08926123277aee19547f26091f959d8599e04c7341711c63dc463260a7c64c156ef190d38771e371a54984a4e07035b5f87e04e1e17a8f02c894d4a38010f620f208c83d823c85909f6acd81f19f2a8e976816952779826792a1f2f86a801ec1b9e1e0073db07886064a3f150b91c4c69f8fe01f1909841466ed013c6549230233484f66c92c81fb308d42fadcc5c8625dc84a648c23719023e6a38610269e9310c955629bb3611802e1c0ef4a48f98024824166b5852528c27d5614f8f4bc82c32220eb9c8c3f25e496684e7b464b84a8278de06b618cdcd4a12c31bd858f795fc801b972255b265e45d87735c64f1804063c851dc99920c94fcce6e60aadd37048c7a9e12f567bfdcdd9447140ad7b1fb62d78dab908963ff8c79f2700c3b0f4473664eb08ae83a5cc90478253c78520d23bd878d0782fe6036acfe49f09f200a39027e8a0cf37608e0007243c309f3bf21e812987c9acf950834bfd047a0b613de088e100cf30dc7307832203623d84017a900d81e03e362f923735b218269de8433bdf1d5b2a4a77224f8e40be197a831fa3db81400012491b17cf66e39a37a9de5eaac7da4c8e329f5584c95a488b2e3e226e4c4b6778619207196ad37a10c6c4f102ec552238e0894d0c73af8441646183ec986b6ed63607a645762901b22365db911ad7d960c91c0073605f29811baa3bf013a694f359827b9217c86cce198fb3607e2a66934f6a4002879a866da319443c17bcbcfc264e995aad517ec3c08e761677a12a3159eb846c1f32063ed65a3e0cca80bbf315de9010f2f3356b453293f87c08c96508d46c11034e194cd41804d8d78461d263dec90d90e11dd007e40ea4c85c28c8652299d47909204331181f9012a63ee3cc86eefe2bdea7a4f8952baf6b3b70ca27c7bc0304ec45e448c2486405e20aa3620e0a7ad1cacb58d7c51880b1ec3b2c90b00cc76990cd05a8df54047f40668de23ad0ee382322682360ed9787d5263b46d5610e56cb13330cdc799ad1183ab698433142c031c329356147ec6978f60cda0c0148fe09fb4cd167a0d908f13d6f01fd0fd31753c3c2ff00870847311b388920003d9c58f3fbda607c5b5ad007c82a325aa19070e6a691732032620b26d99a791ebbdc099c39193680d92104ce05f0ccc288e48ae6420f3ad8066900648847fc6dff0078f7a284c583c15c3c8abb7882304c7001db0b5a4cf2fd80267c21092353c9b4212c6303decf8cf798e93098e08e2524d56006d325209e06cce0c77e221ec8654c6108c83464612233bec853062e0c1ecc923d483c1053d85e00210668f72305f62320cf193cd912f9f210f365eb5380c04b3b01ecb505d88b27b3a8ee5962832ba11e4dfb1989819b27cd0b21e4d91130cefe633658a4cdcc0cd96904cfc9dd7886cc847c966e692b6a3b9b02cc618d98ca1f0c6bb7fa431c6c0f9232209200a39a0524fa5dd2bb8c4f90045fcd40c014d24206f664820dcec80adb18373131b347c90760d691ec5f1aace0c14d879c71217580c9219499382ee308b31cc141248107cc13c92acc0c98f66e446acef6112567a2b9b36447bb542b5f53e264ab19b9303df04d5cac31019f607cd90a72833d62894fbf25734b26f9e4fe1d30c6e16abc33c73d078429be72fc54ec56633118249eb9add5776278eaf05764300288d21a408089f24ad26125749640e27ac31f65961850f07abab6e360f30045fe4bf69eff00240258011302c286b71b014c0f51ed7efaedf87a3e130f924947c1937b647b1a2c3cf6bfbf24c2c20b01df05c02e09e01040e7e39c72105e192a1e01f21e147e105f298c56b270b53f373103216b7f2a7298662619cec98d6daa3013c8edc338d07c6549c00b5723d77193985e0304db52778990381ac6cef9d927b930476e789dfaf9f3b0bf2afdb2791ea69e46216349f952a3c9730ec83f4320fd8b25ec91e79be7780c958f3ce351cf0447e4c6f46c411219280a81d19464aa498e93d494219d330d2051e3cc48d291ea4a640f8d2211803f8407cc111b4208751c71b14c59a10fc84fac42821b2f920c56d418d644648630446c0a48c051d3249a0c0846c6096786046d6d12e7bd806be4f00f9de51b242f95e0cd23cbe3da15634c63180bc2e0fdfc525184851b11876b800a7e1b17c8125f794cbba4cbe0991e5e59cf4c3090fb3044bf21191725ee99acd9618efe41e4779ef640109cc42399e549429d81374d404ddc4c954963c4841787928dc98863cee17b018672e4cda8cbcafd00d40116b7577150cac7e064609b13301f89b0a1c0e4efc33c6f8262091bd20805c005b5e4184bc3fa1b2a32384da1f79e804f48338a63c87bdfe592024f92f4c3a56bcb090b868c234b90db24d2610e0f1a063243c1688d30f9780a68f6231a4efafa3bf31bcec794cda29842fa45fe0b19b7c6366324b185a9e748c851fdc0042927312b53cee304765e4d3b2d518916a4df39b5a9dc4c8f00be77b1f66d307ccbe1f1e5a6d3325cd935a99ec9a3b4f9237d980439587b71e43ba4c8cd12c2ab0d07b185490313e005495a44c13230bd12627b9e480c91184ed9196151f97ec313cf9db36f8e0959f8f2be030afc6b0838d257e1dfceb52100ec8d8d0503d9ccccc298497ebccf0774086402c89f46720c76762393c105ecf8cf23e14854759900d8d0900535c013320007dfe6c1928c1fc831ebe61e06799e1fdcd18c4a995880c002318d86342fd376632f642c7b4ef435cd49078edc8c0c2747b8402f5ccef9907f2b0b247ccc7892363c76c01fa1524648123184592148f791dbbbb8612d6693f4c5db0f3c18118d8e25ef60f94488ec94cc8690bb19124fcccd1b251263d853f03680342d44fedc7b0c8589f24312fcb12abe62362872d0caa392372120281da998f4f61d3c1e58a820c3e3fadf031d887602d928204357d921003519f3e8565be7e019f5b53c627ad27e9202173259b5cd17ecf85214cd124b35cc6fb3cd051bcef7b0486a3bd47e4e884cdef5b5ad297ede980ef5a30f8f6210d04f2893bf2b4547097a23c100ae0170d2d798eaf7cc356b303fe2b18f98951d28d495b8486b14cc34cf5f87471bc0438a85e5f878c07e0e30a6c78800866000991dba3ec9d9ad203a781de20d6b3204c9c3c19361e7680fd0c637088f66080a1561729a00c5f1a3224aa1a4c0f51d69f71828560a4abc835923077ce9922e63464603f304405f63d4d369fdc9f70b0951bd8031e5a84853e60b9c88c93006ab2530e1e32be042c67c62d518d1ee30a98823b2c24d2251c795f0272a3a4fd4d8d2648691aebe4f05df73de2624b1e4a0c3c1ec04fd220bc884e9e240b523d08e6d07bc224147e9f388847683d0906a4134a0d5ba8b24e6c7e939e530e93c1dc6f784c86b4ec38d802358317098a609189f3b007cfcd770b5792047a0c63027d512a148a655d2b34a17af8dc00918c23b2f676d70610fc25394d9c1ccc64f8db8159a45859016185bda34df213fb950bc82cd27d38e55f89817a879b355fd25937e4685a87b1640082daf246d7f7b5e82e4e4a795acfe6c519dacb42197dfad809e34b69ff61fe5e4b9e4007873001dc0f8c2133131fb42644ecfd1604f78083c2f0e0fe1a7928f94c3a40f86480a87ca2c20808b176ff7ed9d81e5878309d91192bb610c6cd2ab867c74f14f0181fcdc062acdc7c3569d504c6d4591927b3b7cd1844078f8acd6805dcf0f9d9a04123b661923630064728ec40bb50146ac64494e008d509f4e4d182409f04e8be6622f25432161648a379523fc77f48c8341fb40928311de8eca31bdab9e81242e7b03f54c609576d8c0ca71bd7c2876fade45561431af2853918b4cdbe48d8193c2577eb0427ac9f3c603e784b03e347603ee48c7b277bc890ed92302e7b25fe7c14fac5e8e3d841a71851e3c6c41185200176c1423418188cc767b8f7b18f0440f787d7217c504fc6d2f811bd0ab0b17c50b83224246104424c95ab15350d935a6627ce225f90ac13ef879392784cc980ab5aaaf1f32aaefe30a07152a35a05d90090bc28dec4c9e305f90ac13e48e55a053e98db232c07c02ff00d23b237f30b13ee0943e952b4c9ba7614fc53e033486022cbca866241b52022d3f5f3675d4377e664ba46e18b33d57d3af81696c85fd33f55ad9f2a4d2f4df3670fd5d8d787c081f3d4ffa5a1e503a365fa008e049401dcdfab03dea13fbc9182ce076361553cc3d319e5fb0a19029341ff6a32fd020ad22515b2a31b30bf829a61b042d0419b4fde82d1d3005183a8e01aa7908e8bdf0e3f315aefa7f5b73fe428a176709f968d84752401ff9ba6f3f90aaf7c972b051e4a0edbf2cc4733582665a93c4f96aa24872755e239e323bf06bbf182676944ed773439a8d9b5d8053e38624080a78239c0c6301f811af844211bd4d04928fc7bca34f84634c3259e0a3b249ee20f8d6a320c2c2a6acc20c0132066f50845f1946e907f25217c39260227ad2a3723ae3f20c226b308525a8e553cefd1b336aafcf9de29d923e1484c704d149dc92bc8f93ba984006ee88b84886cfe91bc70134007ccac13e662ee46432d314f39243f68690fdc96141802058489206a92e861174a91ef260919a339466284c53e701770113c8432199f292f7eb7227b7ba66c432547033b03f19741159e148c2c11fee4b0d7333d80c3d43da643d498f964f93011210513080cb91a1a94884211f683efb18599004cd908585f763d30b09f219dcd0dbca134e877a553e1e3b01fd35e6ce3eed07c9724d8986bbc517927a3aac96ba87afefc7163364120b968691784c0089028e6929cfd079065fc0147efaa210f605cfc487c190ebb876c7ed3c179d2e6028cf38660f63c10aae813ad3029368adecb173da076893ecf1a418a13e4394f215049b4cdb4878521da819b259e39bc1858fe0c998193dcaa155ca963f1d9faf695bab05a66570956263e366ce36b4a3f010912601f1238d9a2534374267cfd70982d178208023797d67c81924f328e6d916e16236a062f94c05f9025f1d99f5ce729f33c1f99e7e6c6be547a1387aeeb13c8e1dd0980b948cf0f8403db6263230648e451c6fd76c820bc1044ea4d30822506b4cf3f16400d3f03192218db454542d4119749bad3863048c554e31e9f4b0960b3a5f18a4c1f6986a90855d125854e01520782cac5e3f0324a8f4cdf60fc265627fe3b21c26c7ddd7904bc3d080bd6a7ae999863143768588d91b1e7b200923780c81ef1f14ab341e432acc4f61ec0e934985806d9ad2747e1f58e873064048d3c0ef4c19f3e6d8cabc29baa21af2637a885a556ec32a7d0ab604dd375a78ed748f013e26e393f0d7f471a76f82063e17f02cbb0864190c7cebf1f0150c0c4cabcc7634bf131bde71f56063e9d52bb38c8917e1225f3e81264a089a657676b9b18864a9861ce4211cb7744f4295c64f80918ffc5df088dae86c3f6a975be4ce4f2477b3f4c6128e97d90c218530023d0ccc77fa636082b39087d0da1a0798dbe3d93a0a30001ad3de1a7c15566e0c9e6614402a13c133c861da7bcfb000185813fc1dafb1080f7c8c09fbd89083de3a2762afd879db0179ed84d216f68427999b809a732a656e6be2e84f1c95d957a92d4109ea13714c4bde277f3177f76491cace0c787c3e0d6e08d563d82000fc285e863e3471ba071933c4f42761f816742ace4c904e003213df9833e54e4496a40639b9278da85e185920701279336c1da6481827b26502424f6c92219088e3784c782a400a8ff74190b140cab2814a3d4d1f60f3f1b6010c8799d80671a1246f4f2c2048420cf24e8c373b0a0ccc64be065a5f8c784fc37918c8f7150ac5871b0a357808f606f623defb3095262a9caa4e93c64a6d74bcd03ce3245362bba26c4cf021f3e02cb37427ddbeab5aba10b3384cc8302664aa951d9a52a3056953f1be0e364d7c5b41709c1e6003fb97b24df66771f81315f098c3f16abd753e3c45374ec1276477a030750dd890cf4dafce6c3ee44f5dc8d18eabcdfe9da76249fa56053539aacc21d1c6df9818636700f8d87e4d6d3ee9dcd66ccac9c4e149192452ee89f18780ef011cd230477ed0124cf78785de644866236a1996307f92f93d4b1a86b77e4bf24180e9be97c3bf3990cc74c61ae55bf424c75de7c502805f69e502bd06c998b330f967f5659ddad3b384c57d2d8218c0b49fb009f01e76f25190e98404c3e637f863c804a07c00503c4cdf4cf2b674c3a476f2f0802082890142f1dc6460a8e400890143ec00013e2d3d801909366d4d1321c94d11c9dd92c28f9ca6083b0895f41ec79320b40c1959ebb22c9ed3327013f3202c0012f299f41e5770103814c31a7c2c2840c5262aa94fc33081d3d3afc03ca7e1240bf1b6b62a8063aafd702114f27733e6692f2132cb1a5933d0b4c633f2b000fccb187f2cf224c84e13ecc8f11bdec23272323374d84c011083de10b2fd6d46069e54bf418f288f218847a504f6a210e4ee3155b11cec924602271b1392be4bd77d192444c9a3666601909b9b26da04953d312a653d97e3eb01670f56c0bbd29e3f016584d531067810e3d9603f09226636405942cc045ac8557c79b902833c1e45c8654294339187615f86842b38f313e4866460241a5c55ac7d5b8a1a55aba7d124c9488243c11b089f30ce008446e6494d92a9ea989f3e360b4cc9e167807e3f24033257210cc94fce3ba141758a1bd095218de0b004f7fef0012b3e34241c4c72a7e194f8db8c7cd05c60f0f229b1f1f6de4c98f99ebe1c8a29bb53f52755fe6a974643f17037fac67fcb7584357238d7b34805b1b07d82f4f735f85eb9c6cfdd8fdb3701832120782415b4c277f6263e0f90479646f2a48cc49fb517830f96f903b680210459fc7fd6b5ec0805e501b0740c6348c6028d80a1bd066d431e8190303f213733909029a7797c73ec42c64e0e3e1e6f8236106360ff007246813b55911070bb418f3350b49f0d961f993c4a3ea19986b67585439063d8c9c3e363c22363f91a5992604c9e37b1f37837c863326362ff00965c84863e094498aad293841a9b0d26a7c4bc034e469b556cb1e30976d3c74c5d88cd8fbec5f0ad11c0445ec8c92c7c4bbc49f286c8b33bf55679932c92a19027ecaec12442583f709876843b304300648faddce10e8c31901f0314930dc0f2041cca31ecc602e1b07413fc27cda5dc435aef188b2fbd81b998c2fccd3285cab2a016884f3090f3550c7d2943f1fc16a4897f7b44c7618cc3c69f8fed09a6b21e27c9b5f5b219269fcada4332c01992a0f33418db08e19e4bf0676709a2fa13307c2f13e3ded13d39a20c0e219cf505f9a035b251cead0865208616471bd1a41c72187ad3c7fe313f3930d76bbe7827883b2534061cfda618737df5cd92864d3c4f1952c51e7ded0ccfc64bee4761160799b0f1bcc38a7b1e6ac06335743e28283cec9dac6cc60e8599fb7f4c7fe760ecf013fd2d723a3ed278105cf8b77a3324cc8e1d1fbea88785d913c28c6d68ecc9c43cbf7e518c6a07e84fa718e10518f4ab3d07f947c113780f1ae60ad225104a11ed01a323015a2131e547a6966ca0389ef909f26cc903de852915aacf05954bc3239e01f26428c65e7b2e24334a4f0b8a66f51e8a1180fecc654f55844f8a85ec7f4e87a9b093c48c37a20f9efb0c399b9b19cb41ff00e43641ff0024f30f543ca3d4f330d5eae6283378c94c73d628185ca0876fee4d10fcb300fcac6f5f3a344c12a798492577113b463e6a5c0d695f3f4f336709205374f4e50c05ad1c4ccc8e7a13b17fa2323c282e044cda63e70bb8f78adb9496768b243b6d86157233dc8d9203f0e69d8714f69b30da80569ed6ce4ecc023cc5a2a0b923d476486da333cc739618cc72a7c214ef313e19a39519a340b48edc2f0fa7205ff9a0f7ed4423c9bca9f6f6479692bbd9d4557505dad68494a1944d4a405f1ccc2cbbc047744a8b217a0216ae0c4fd293fd24673429d927e2df0c7dccc5750666cf09b2465472dc14d9ed0396a56141671912ac71969936321226c7be0444cc2c3b40f04fba5805d8546f0f520059353ac187138a0a4c0e32c33fc62463e78f21409cb4e4cd7eca8efd90f1922d7c39b86250753c7398f30c2bf204bfbc42e7cc6c7b01b18290647a3dec224f4fe0eeb327188ae91e37a5bf3e7773f48e6fdd7a099f191e91fe9752c63b326b4f0b7a25fb5ada3f68f98c92812e55b69e069acd3c0f2cfa9344ff00f80f3a1ec0796028ad85b287d30e897a7cef0c824259a0847b2c8f48fd76637910c60fe84c8c802fd020427c61162d2e2568a8e6e606d73da31828c241787b9494c936b131ca1f8a630c98d12a9f1b3b11ab331060e07f751b340950e4d8231982156ea592051f56c248cde1a52c9aaca398d4d74c423b217c96ed8f0f2c66d11a44ed031a676dc0c21e26a4346af892b2b38482d0b5d3574293196aa9f986b98efb1e05a8f6c9c8432ac61190ac433374a23673f54a19f80839f0c14fa923ee56cf63ec186cd09cfc582553e1b9a7e0ec84ca1380c86706e5590b21924aafad90f909f087a35980be0da67783e18dec4cb3a42cc64bc313eac6e134f66acd6bb8f9a4c7e4253567b54d94fa8a660a79ca13a8ecd5b02cd28657c94a48899a6617d99155b44b0bc6acd98408678770dd8d899676008e78ece1ab4a1f817852626462f86fdddc331e27c6da89470ced10e42cc0199399477d8f5dc875f3232a69094c8799fe5863393b210c819c68bd32379326d85fdb29f56869f8fa654989ad2ab3807ee6ab340386c46f938436ad30fcfb5a8f21717e4debb6751ae86b8c13f50e127c5657a2f153e3b199205f7dec201035a5cf4afcef2895ff0019f2a60c9c0fe71e81199aacb148c6353f8074403a5a051447f1b24247d867d5500be7d3077004c283d6c6cbc6b7e404c1e7481d2602e131d004efc147ca3b00ecaacffd100f09ef9366ced7f215ce40584e9e422414c1e765c983cbbec94494c20a647e00f3a209242053c14412bb50a104053eac053f1d193670d03ccd837f73f093ee7c6596192accc11b084f1a7f65e159200ab3d9af20ccdd80c7d4b26c750d52a3cc46f11dd057e4a404e5a40066184477def2726627c19991419364a9f212482e31d525475883671f5ac2bbd3142d0bdd2b6aaaf8cf884c26304c2e324ab6a4884d7741e118de16a60192161ab72780d2ea19d8a9f5b40d656eb3c790ceaac6bc4393c7cab749e246552a4c7d59549837d6787bc11cdea38468704f7b13cb0ad3c1613c0309535512b24ac39c119067aac963b586257c23564efcd5c7f92d906b66617a9327494f93617cf76e3c9c8642b8fc91948c9c0c1572b0111e4e021996e26b65a178efc6f2630f5f15849c642e5261d8f173022bab51c6c0617941af04da630cf703d32ebc0ab65faf985e9e014c630013f04fbbe6799f2bc92577245f28afc8b01190843cfc2b11c98000498cb554b24113fb8d2c8f443ab9d82170f30cf2579b0f6b19d578feadbb062b0dd1784872367ae7a5238aaf021ffdc9f56b9ad0dfa459e385ebac6bf943b5647282c9d3ec92987c6c21a0a724280ee1fa435a7aab30135a1ce124a837a27c05246980ad020800ed3017963342cc7b60a5370d22748bf6983f467fa01e79b0a7c60a646013e5107618f29f1928b3cf94c9004485b1bd05dbe48821473bd8df950a1246e463e6a3ac9f59e432a95256939cf5a609ecb20c72480f710785cf6bc0444254d4ab3c982ab0ccc8762080a7c75b6f861224c640f64784b248ad908907da62376ee9972caf9520232b682393b4e55ad4db65fb00c3d457750e643d8cea1112675542a3ea2ad2a82ec12a12313f1942d1b581ad04d6702c7a93d3f90ab5d0565e64e8bb408e8cb2acf48da03fc6b727e32b402d5266e3c3c8e1f0aec44417355679c32b64ff00885fb4550bf3b0b2cc3389f1e1e442f89715c427c2c2594e101ecd28cb028430a1a2a7ab1ca8d62c5d8da9297353e13ba3fc6e6027e9e2059a59080d3bf1a63e05276746681e9f8fab2a9b08c27f0d701920b54d95b2b58c6cb507087211b155cb02fefc654d3e94139953e27917f1bcd498a9c9183b244fd373153e32689e660c7c3908d476aabd03014c0c28b19bb308d32b492a349ec4217a306c4955e17c290031bc219292210e621959723ab38f873ea30f036a36024b3c8077572f731925acb64b393d28474f74f603aa0e59f80e9b7dacf755e2861f2cf7abe5823fa54aecd8fb9d1792fc8e1884f1e332ced5a9f7b2fd2e7b2242a41cc4644403ff007f0d8f44a109dc3a7b2cc004c3fd7b9e17d2df963ceb5b419e6a84405211aab3f38278fc96141467f49a7d32199e431fb3dc2519a4063924d99f6ab4fc96fc3c95e0ae1a047b091093682d02a41e47d327902391922506620205daaf40c2f47b651accd3e9c653e9b381c7cc418382f8cfd0c7cfafc7e8494ea9070d55ea4e9eb254d426808901449061be6278cb5526864b1443ed62655dbc7150d2c3dc0ce97c53cbfa0eabdf0fa79191953730590873cc0f6750c2bf37190320cd8cacc052cc6439c1d5d93a2cc87ac593e73f5a0b589c57aad3b456ebcc3dc032d42c2923ee9929af8c9f420266c1c3299b0053f1b66bbcb2788092329819c260f04e4278218fa967019d48163fac60d8cb63e7607b0a7bc6c14c9c144828942635d0cb147332310ccc0f02ed62fef30264c13dfb021dafc6c655ac0507abb839356593c04d9f10e4a3d9b90811dddbce42b6aee3e95a3f8abb5d3e6bac55b37718ff00cf6855eaa8c1c665a85c647c0afe2534fc1493ec4cf61139840c8636b5a3731372a9ecc8c5dcb313eb65acb155cfc0f9059acf20711b2488438cd426523260a4ee6a660707e3dd2b26ab6abbd990ed28f3318432549e3e7d64c0b675a2516107a3e98bf96f516f882b62a43064e08d94e0ea5c81c9e56ecdda3248493f6f1b87d01ce3f27d13cfc481752c644d202e5a1bfec045696ff70fdc7a1b2fd2ab6186399ffcc0a63fc4326c927659b0c85e07d20ab3c6c9da923d1ac51234ff0028b1309dc959ef51c724077b2ce0187c9ed842ac6990c7bedf820e831705c0ecc2f2995a40bb0f244732ee00876ca2004cd1261051acf0433c47de63c4f228e4794c0c4c35b4f034fa7cd1aa76fa721031efdfe30218c85331e189f8d64e26e8b8776ba52fb05da176033e3e7647583d8a6133cd38ee40fa77df4d90f56c6543d55a5fe434ae56b97e85cba7a6b0d694fd0b329fa3331017e27255c8f94c51dfbb550cf640264f3d87816582698a64d2050e5afb147d51920aaf5d640c67ac6c831f5e1e75badf1b3a7f57630a3d63890464f1b6a39d918923b8c880ec588e7c630a8f18253730f23076fb061b3b7c766e446b4964c90642780d2ba2733405736040425498fd938f98234b48e34945976b3d96666a8e7fd219f6a320830b149c1888849b384c7d87cdd238d2f9fa26fc4fff001bce44a6a592808b92316372d0bc6e0950edb8cd87ad399ba7632191e429aabd51760353aa3be61bb0d8060925271931270e0a7e24b1938915dad1dc17f1a58a48e40bbc416642488c3d45332387391ce2b5e85ea09a395863051c7c3289b01cc32a8804d423b4aef4c41289b0c22923c1c73a6f475dd1216fc792c2085d1f968f1367a932afcb5fc242f9f2bd737d94f0747a47219687a869cd42e9f7ff008c799f8f9561fd0f91d4acfe3b3e1123708dbe41c086793ad11b3cc841fe0bfcc6f24424161f0233b41836cf2685212ab31b1aa73a2c2b5b4c7e8bf4500b7e3c83c388e0c2630353808051ed3080878046c33ca7c84224e83c34f921fb0a02c9c4819aed840f8b51ed18242218cb408d091f11ee09476484633a677340c8c4cb3a556ec2431f1a07cbe4d03759bf9300566fc1b190613f9224c77788ad9284a86d4128b38dc7d856ba769956ba3a9ceb21d2992a66932e57371f2da64903c19092a943319fe34ad25f3b08bb90dc195bf11199b457ca82c17e2694a6b60e8326931f5406553bb38f13b2cd59a9992cc8c5059d2ad67cc967bb1b24d18ecc6c3dc85e218e37be3aa384f5a7e65b3064df282ab9cbb5df573f0be7ee569d9671304ea7c248c11d99a078b8428725c19fe43da143aaa47c7f9fad289f3303d94f2b7026679f1293aa2a80cead6178ce53318c9e1880cc7bc0f80c2c7d5024b9a5cd847f1aedb149c184cfe7e6c815f7f3577a7aadc33e327a6fb36ac577c3d4e43e3ea191ecad96b2f35ad7ca8724007b18fe7059b903e0ea7998a0cf6d0cdd5796598655256ad3a9b0d06aee0011374eec5ce948f9ddc1d8ae678e481f1be406adfed2a59366a3ce6d479625a333a226ad38e00125fbb5419683fa6180ba9df8cef92633c8008780b9bd877a5e9ce27e5657d42ba6e643146b60fa3badcb33532d6c2f48b373617d42a5332584ace41ceadc67921563c0cc470d1523c83e77ff00ed69630c7dc90063e7ff00e319434a1243e3998cad24dccda1b2026783bd9610468052782c3cde029a3e09931004c65f66334b8108bf4992108c83807bc833843ca643270630bde6192bbe1b3ccec004ed066c9ac5e0d67c44c8c0cef302e0c28dc91920be0bd8634f876c35640f02662324cd10666e44a0cdc6f643731d38929d2b0bf03192fc000a4c34ec269ccc03512f9af0a0bf314e92628091e8730a48217ab58985e5f848417d5a01eca508320209ac0a35a105d18df08c1ec206cf08669a25f34a169ec51c91cac7d586d0bbd2f1eeee1a460ffc989f59f211de841ed82497a86792b9c7e560b11be48c886af74329b027e3293d1e958650707769a649643237dd0a4c7d6bc2d74bcc47f8de5c193079260619a988730c0d398615066e12f029cf1be931ecf84c893e18f4200f2f13f002d143e4b509efb0419e7d743a92a94cea180a1729ce9f1c0518d817c58e51f898c0b987ad3b2ff4c5253f48d260931f668a86ec911ab999daf6e4a9dc5f0a479eccec4090064804268ec0124f5e4fcddddc396b85477c163e7aca7b5541b31c339bb8f8271fe351bcdac0f60450cd0498fc8694390835f26b14270c920be498e663d682921241c7d9518fd1806b9904f93c16b91e97a0cc3f4ddfc81b593ebdb3dae8bc65c91f2656abebd9d95b58c91f064ba232632b84576312d6c80e123cf96046cbc9243cbe10b49e073006c066a11a93ec4ccdad96280ed33ec1250277200f0610c8c0da6261ed02fd891e4a84e889027c888f0c78dbe40d504cc941e1c5e41521e01e5e990c85829bca829168642bb2c08829f03f6c9b48c61179698ca7a30ecc9005ae0f7b0b9f1c3e0f8467d2f9f1b03f394e2393ea28df24995b5dbfce4818cea29c2c6f5148f9ff002afa71ff009d3de6cf59da1599d5d7e553671e57f90860ab9b0f63337640873c86629151e431af4f9294a195989f86ad2a9b00385ac4da6be3a7315263e7066a1393f8db24b31970038fb818294e532098130ce456827324dde611349c008deace0eacb21e9d01f96c55aaf3d6826896d88f07a803d8639b6c8ed4c19264f20c3f9eb8c143a9eff719d5cf63199eab396666930b33f41e4656008e4e02a4cb46c5dfa57d871f06a7c4b118040f82601099e24826aa40a755c5956b020d60993550b7095276549420953f09b53606cb1e31b6a20669e27d3b33930597c48e4f819324c95e66acf64d66906599b1f2b2e61ea4a24c4cf027d3939d2c9daa063ea78e7105cac5f3f64c64980c19004be66150e4830c199ab2bff8f4608cae1185db86553e346e6c3d9264c4d982335640a43207c6f98a64c408f2a6214b30c2c87270146d4657798a4878ae2549f6095b211786a93ac5e7a4bb9cce5b20fc8f4ac33189f763f994de10deb675e8066c657a0bfa9feb3b0064f31d21310b9b1ca03e4ef4fe6c21fb23c867327b643239d858270e2f025407043fd01f624e8bfc03e1878111f759b784ff00b0ff003094fe60b2645877e354886301d960013d3fc98d68aefc8143727d99a4dec924e83fc0864243d9a5bd213be222e02761e18c613f0c6e71d846e0dddc9ff31b534523e6329dcc2624f03a2b83c0c99900c7f5164ad460339d96030bf4019c2277247674cfcc598850c9436a08e182c3ff0014f60b904d11e765845dc801066678056cdd3b484d408dd22261090facc08d590a35662194df1163236091ecd17f8e1dd4602c524cc0040651056b20dc6110490308b58d98ae05924766411fc9504c44725c63d7739a2c3ce39dfa7cecd1b27427784cbf6897dd7b055bec946ecd7926ccdc60ff0025909399ab2b2d5f83b6fc84c531f24a60c84d03c66398a77d8f5cf9292ccd1323c8194c370a8e60b6c787b084fa70caa1c7d662b34e4064a065470e58841230981ef5263e40832c80ec7dd9597303718c342ec524169911ad938c49065602a19f14f6415b09601e9eaa45ac3dc8949318a4ab99839c3661958c858f11d36152630a7e2a7d7e1ac956b013bd9374bcc1cfc349109294c0686c4c58a3be4286e92be735732073f0f0bc6882b401d2999c198ac833bd90c61ab352800c64e3f9917f9ff8cb9c8c3e13b8e41b1d4f0113c918df0630120263de130928edec8c0e0f1e18781ef91199398ac0ed927b0299b2b6a1d3d3e160442d6c533a866f124810075a20733c083a1310361e23036c21730bb6f2991300d30266b5246cd46c21698478dc81784c03da41c1fc09219ccc6c3139e7cc767c7556621647364acbcf70bdeffb8384ac8da4093c123cec817e693b781619df5639186e48cd093c92427925107b6217e99349c2ae567aafa1d558c9c41d8b8c38a8655670fc14d8fb40d9ab3d72c333153b9331ecc985f93ac4fcd047ca424611a2649e9b38491e9f583f992c0aec0c94426688d5c84d123ab11be9bcbdf8d90b1fd35e6e6264813e976983b8c4241a0483cc10cd3038f3058568a0430c926d42fda176489924cc9d3e31cc467876495f1a4019196324dbc727c2a1c849b8f36f88fe7c3c3327013f95858a4cc48a97513e22cea5aaf51e4a1950bb182325013b8debb6a6840796337c36a11181342c951c7c2e56b0d1bc5ce8c82d1b3d176603f83bac5350bf1263ec851e5721132b755da88333b4ad4631589c89fc359ae4e57318f633aa24dc1d45014ccf52d333749ebf310301cdd5947caa4f4f871af5274ee3e52fe8fabbb5d1175b35ce9ecfd379a59c0805b1afb44696d0f2edabf316319376a692366560c9b3e3d5906882bc6bd21cb7e1fd40a47f84fd752c1b0f8c07c91ed3d83608618e41ad0d98f49e084c8f9aededa1a1121ac0749b2798c171319890f223fd5689538d26079424e01ffb3cfd6f826064a248c69fb0bc28c78fa55a74240e31da0bb8c28a67966868e809078078aef9243d308d10b6113c48d3d4d37016720208ece5a6e12cc6591e468bc31066d91c9c14365fcc4e1ea412689e0b2439c1d3666548b04f9fed9b51b00690027b1e980800000b34a40c083c058cea2b5879f13d798ccab18609d1edee7ab0585670903d3f0858acd3918194c70821ec0ee27c87504d36ccf24a03366101a248c14fab094fab02b50beba124f12199204179f3892cc9b7b04a0e1c3dd73a624d9c0c8c4714f0a785f00278060298bf4dbf8738c07a309443d0790417ee39026066cc6c2c7b3c76d18518740008b0820f1124853267ae6f27c83064ed5750f509dd6cac72a87a92181f0756c048ea1c7bc1b558a33690b45805f0be695f3632be646be4c254df15ead43c94d8d7f724c7c89f56662156d17c705d894190c84021ce48f61b94c878acf2f0003182a4df0123c17dfb844792b800cc5a0bf3368a8f3d64167509d3b2f4f7b08f95ad27ad9449d19342e48492574bef5d4b6bf98fbe3eefe32ff48e4864f0da59e84beb4cf2243212bece82d200f32ffe32791ac74f79dbff00fd92bb834cdb9eced8123398f8cf0b5c10fa9c095ec668cdcd007dbc28e4785c03c4d1a31ad711c8683d8c7c7c0b35e782046fb90aee840f9240127db0072633ca1a5b1a906cd99be2b2ce6609619b2465267792c7a7900339b2364d0b98fe6c3b0146f876cd856bf4190b422674ecfe5f764dbed492bd967ba088c4721f119d97dcfe490ed3f5a614c0f263e75df89ce5cab250c9c77c1e61025e7827d264aa4c34040e9e7b04d8c9d87e2c8076c80c251790a3926d992462321459b7c7187938f80c7731f66235649a27b2cc72a81f0e86828786a7a55ad47670e2bbeee1e1b11bfa7bcc940c2668f4be378ec8dc6c60423611256e2bb0017b3474547bdc7a0488c27804953f325e005a3af011d95c133c07cfa7f79e5319b01e1819db3209a3617cfa64792b313d9d493b00cf3e711d99156ca860fc85595e34e5276c091f184f7b0192600907b8c86329e1ac4fb4cd4926c3def63c4ce221b441f93268cc53dfcd161244239e9811934b4351f0dff06bb6c4c9b998d8017f94f1b5a5fd4dae13c9e76b0758d3c55db3f22cb7edff005a3b0ce63fe3c671f95e8662bf18306421d597b0f08d87442aa3f77ff11e7b248d87e938ec73f24ecc204ae7b3811269412028944ae6420028480fb40734c6051b180699b86421f30046f6f7b0f0600a48c76f1b333b6c7c7c00634736af8c1ebe33c2d3d190a60256a10a37c6416336c60264846b2d923567b97ed5a264d191e3b84f33bd28c1943e3f1041fbcec7b169686d879c724cb2b246c58c93b50e30f7c4fdb33b1e62789a6358ecc7b7f06163931f00649cdcf1574780df201fdc9375b256ab9c7f57412d68ec9ecfe4a151d964a39f982762e7195dbaa8c74c9356905f0ea952568589f0c24110adc0d0268d8cef8203c29ab42f53508f818e46064923191dafd19909f42e3dca114de26a758c73e298f3374f4044f829a079a0753522c7f66400be6464fdd823793a62fb41ec61376328c8089a7203def2101b4f610b6c20eb6f9005fd0da320683b948d3018ff0071fe8245098def34a04c91f03e3b31cacfa51e62e577c19e7bcfcd8e724828f92f8192a11cd12d48a685fb0c7b5166c3e0043e191860b4f045a8f832481476a124303c3eb4a14904c11321334d344bbf38472522c3597ef650242250617921eae49c048f51e8c993b51c58c93f6900d0feb826317fc71ce76ae42fe4cb2018f311eaec8027c3a0a38c2986de5802711cc47af62fd28c1219e1e1e650f9380ad33dd249cf44f9e236c6721ad3f7cd9c06c91bfa437a6100c920e1b20090b9ac0f72e120106e2999663d1901048d898b0fe41099856e3226d6d836f0d6210bc8820e0737d4305065d9ccf249643d3b4637866bb7195248cd0040e00a3c00676c3592702cf223b2f629a7f19e1dd6531ff8b8d91f15630832161db21d2787b082f32763897b095e54e7489050d17b36e5f4632f0fa59fbf5c0cab4bf1b908677b66d0659d116bc1b45e79ed6894c7bc1063787d6865071fa7bf191ee4a442100d760a9010f30121f59e018f9ad0083d199e14765ea3b53023271aac63b40d28089b0d01136058f2fe9ef0fc03009f071bd9274db009b1922342ca31c8c24a6683240c29811d041e7659b0638c22ce22684bd7029c116680e00686801b1a21f1a8c798def61924e6c2fdbe1b9188e3ec9323030f951d899860998f05ec03bde0bde413b5a1b91fa533c15dfd10f8de9ec2e2202508131f3b04776c811dc8651349084668493340438f985e627d59f9b3b877b29818048f6b197640511b0c79dc96667878217f49ac3c19f7e92e4ff13d5d8f903e193eba89805a206ecbc840e94076fb23f9081b731856c10c459b100e444211790c8c73304637268b187f73300a190af05771809f2c3ad9f28bb80909dfdafa4092a0238152004471ec33985fd81a4f6715cd12a41b53da82988f326799f3418ea193ead92d46662f7be42873717e981f36cb092f1047c243fb99207a23c703ae732612546c0f33c71859f861070f5b71d5608a19203083ff00c4120c8076fc8906e5274c79471965f59f0c84087821dc717960642fe07610bb24aa3b2fad6b1bd61dd8ff0037030c7d43401196a6f4737481873341c60b956547b2e45ef8147718f4f91853e6d3c10546cd83004c86344469f4a0951c7c3a1461226c387038a9daa6ab3c435304c92488c396794324a4c846bf21b5dee439829821d4956aca8e1eb157fa7619547d2a009fa60ecf4a4e47e02ec4a4c4d9471b737255b512036447b5200c5db8f4cedf0eded70d1234b7a41eb698ff0004f02c9094f8fcff00a264fda06e3c98f213178b91bcc37e3063b31cac164357c9e60bc94fd87f7d7736fe08c6f6a0c9c88209dc64648101307c923cadb0205850641a22362731a4f8071b73b459f4c256d593b8677efd8e90217dafa38aad0d82715055a075bc0da7d5b9d1192fc8e1f4ba9e1f3a5649074a17ea495e09053182536a011471821e61f0212c43ca9e3f207f247e636798e46004f92c016d6873274cd79784c8c27c60910827b2f25f0a60d212783a501785b5af25e34f2fd6f484f1b15fcf550ae4f3597d5b8fa6fb596bb91123f523f5a7bc15c0ea6042fd361320efbe661debb018f8ca11f33d99229013b8c826e80564de1f770fbe159efe126d91be6089254921219be046d7ff00ec018595b276aa88eeb1ef9248e092431f70f07b01d2d9258ce0240f2f0783fe64faa57639540230842f42af750a53b030da880bf74a8ef8061c9c1a1232744961165e49be418f250952598ca8e41bdafed92336fe1a9a064aa4ab1864900e6fdb0990a003c470e90818b5184f0173d2ef9223f2b8695a9b6b9ed1d064f6ab02f902b5e49a5b3f8a9c99309315f8f2d031817e3e40be04c40a72304d0480128cda5dc211794272c51dcfdde5a587ee42c4c21ef24ec30926492250e426616660a664a1951d0064013268d09c051da7a33cc09bf77b972fccc1f3e778e723d3f9950160001d48f797f3b28a07cd3b31be0049459b5689024d737fdada6278dac507fcacf3e618ff00b58f7ea4f44f271d8e971febd451ee1e7a56bcad78601cc0da0181493769f3cf24a60d6dbf4ffa0f0094c66a4611aaa4a999e03093a5e770b03c4cc207f6bfa7c883c851bce9f230ae634c250527e823d15ad9907893645fbf1538e6c999c30f01f1a47a2ce0f31f87bd8bbec009f35bbf624c861b2b561d3031f249a65a3b8666132163d5615bb93c8798123c1fb86656a432befbccb7f1970d7647b424825ad243c1707b0063de59182c303047259ad0111b258e40f260fe2323df6808e3d327644a39a363e38c0419a2f04bdf0d67a3d9ee7806b4d340fa5d48cedf36ea09a30a33194f82acaa7c4bca64320797c95c0cccc11cb28f27cc7734c86c9245a7b0fcf7911da989ad38943c233808e889a31b31b0a34da50a018405f1b987d50d469ed1a4fd7c091e863de0082507e0120e36ca38f9cb66c0c849c4dcdfe1a6263c7be213d099ca4a5906292390c82abd7c69c08eace41c65a2c9b1569f1cd859225252d2148381ade26ac40939b130923bda5c36802c5cd324203cb1490be54c1c184f9ef4c1730f000d0034c001669491c1af8b0bdf262a12863df10fc7da22684c527c9ed23758f3a6144797ac35c0c903f698f045c93f73bdebc682210242f0574dc265b99cc873324658ab0224f41b26caf6a13b8f2d0ee19a1e135a62790811b613b61d8b2c7827f44c9bf763ff008fca2c1b60da2cf2dfaa5a7a923fd231d87c9a258366167053425ec2517aee2330e66620f78e8fd28e6283de548e2452926d73902649b59ccc1a627b325a20e917a648f78ed8e73eca631dc0421ea8606edf9b0d81a78987aaf2700a16612c50bfcd966cd6fd13c7e8f61783259618257e9876c8e785f23cb0ac9bff00f678f1b608dfa653ee88e3023f1cc336c78d326d70b95617c8c82389160e0c3184c014ff00ba10492986135de38303e4018c2251207ea364618c31c41ef51c3200337702a76a39d82e4e156be34ccc318064a1950355e9f56913252a654f4a3d47dc88890b18fbf23533253822fcda8efd907e7da29f2597a325cd1c9dd626656d2fcdcc999591e9f96b40c9d456826672e3d33313911e56c95f9698266606bf2d0ee3cc40f50da865123c68f34fd8466014f3b0064d1bd80c644f8dab2992832b8021d30179984c1163ca9e0793f8d129930c787c20c13567ea4c6f34cc6f834f4b81083368316de1465e109894c9812f9a30193472800151a2a7b322171e132e3decee0084c34272bbfb64f03255731fe3b7a207b3c6c02627e2ad0b0c7e82b326e42ff1fd7868281d2c053ab78c14c632acd397cd76063e9d6f327a69926627ac31f26e0b4ce70e57f4b573f70760704c3b507fbdf3e4303d0668d6db80048919e23da934181fe31e7f9a73a7c90825ecfde11e58cd9abe55daa44df176a3c7825f8c526266dc740061c7c654942342ac7007d6daec20c113ccd08190ce420e42d6c19b4617f344e942f604f79946bc7fa0c0e0ec5835195aa8bb93831d572b959ad4f71e543aee4cf114803c9ef0123c3c28d81ef074f124928861fd24aace7928618b2789fe551bf533e4064648c0c827abdc6597a7bfcbed30b2779d07a1dce6400260c62ad558f944ecedc841787bc3cf95183127dd9d91bdec79e1fbc83518decb0aa56a3aab1b9586f4f1e361647f8dd87d27b018e663e6b8418678cae0d953e16005809f8c1e24a1317fc29c102406332731315dc51bfcbe9d678f81a231efd9a474fa0c78f80fdb29c8047ce2424612c1b5c02302e07626b312fc84ea3bb395dc63d4e1857664d165a018f9c98e6298caa51d313cc7a3241b7c70bcb208c2b309953f1ba469334fa5e0d17709318c21f832f4fc24cd5f899f91c5107f1a4a9eb490130c8049097a10e8899ea1b275f31ea69d8f4c986e79f639bc0169ec632ebf42d30886686564934619208c8edc681288520f34277d7b325afe32f24925028ef4bc6e9597d3b396ce559e83cac0c6cb955f0082d509a6af274bdf8ef6288db3a9e3e1212023e5334be8c076ad4dccb3610728c8e024605cc15b00c87c47cc329dc1159b2549b2ce0488c69404261e0a7fdd8cfd4c60213001f657702d84fe1bd020bc2d80b25663af572795f9f0fee8336840c22b470b1f92e8a9a2b50f4763e26673a6ee61e4321de0fa764b09d3d6a70333f0dcbd93ccc96073f0f5fa70918f7a11c7db2c8c00f3b87c263d8f31b0b1e2698224acaebf254c911c2f842ba24ee35efe0634249182390cacd00b80274984a91fe34c258383c8dbcd5244718ef4c7e1da243d690dbdfdb21a43c204bd73612f8c3d43dc071bd50f887cd258c93927f07a9e93277fe366880b32311bfb6473b36260132d43b9261b7cd0b977235cd9b8de148e0191ce3525c8421901af9e85ae663795dc3be71efb7012c818116691402d042b42f325562ed80bb7b30c00231b118e3dbe3d878213279da9fb78ece8bfc3e364880203e67824bc87820becb188c9ccbbb9b9896165920bfb8f5f16795498a9d4f4dec5f18a7c1c0003401df6de498118108c306bdb61193c0d3973467d0330434181e11d397d3d9312c1b402d04c1e0e900cdb0009e9fe174d8ed559e7362d55ff004f4372df93e8861f1d571fee4068feb5a6161dd20191cfbe61fa439efbc351bcef7e3cbc88761f0146021fcccb090884c66c8018bb84184b1e268e3697ccce648289d162795a5f261811bf8f25f2556c39ccf9bf73f770076f60e06a98f581c4c172cd8b0667c15e3b12f573fb31f4ef4c0c9bdf6618933113cf265ec63f19549792741fa2e4430c7c36fe0cd1844a190b1880b2f92b4f257105c7cef1e13c3f9e629cdf36b471be38190852e3dfa60602f11ad7063e420193c4700df0046b44891ef64677207b153790f1b21f58ca1fdc0f649c18484c920a7598642476f84847003cc1719140c3a4f7b358dcf3c3e9c66d432413827614338e061acf33e2415363ed4074e018c25ef8e40c3b2584ee363dc889351f81dc8c29082494c63c06199cf8eebd823bf54a0f8251c0316ca3df7910ce0086700f702361e08b4f7960da1a0405c422cda86185182b234207a389615363cc00c11ecc6f524326887f3ee697714e40319da90128411a8e18d10803b9812a7aaf7a3000a785fcfb1a461da64242307831bd4d016061daedb0ae1e18584187c01a120f1cd6f6b499b5a5dcd1679411f08489fa40f9d9d9099fb17864184a18fb57e4ec494dfe81e5be3e7233b1d430096191818f780b7b247210e832cb01406dfa001e6a9b1e50c6c223ec807f40acccc083f6a9481d58b014f1c1093f42f25054e401f31e6260410f2817ec93adbde84dda37de677bde22866ea19ac319db3247fa090551679e898c73e9e848ac6700e3dda97a829fcfb7888dd4a0b962a44aef50643b97e792d4930909d4898487c803de20854d18ee4601123001242f79641a11be30cacc1bb45f5ce78da7bf15b7c11c1cd30b2545f031fdb64a79bda8c8340050863d3cb189e6394427b4f82478537e887eea164dbe6f09e230c1a4f31ea49bcb1fa632e6992125337113b4f9d91064d1ca79b02c1e7aee1e6c3750d3ced618f825126129afc3574319184fa6c7b27e9e8cbdfd3d307bf1539470136ff0f6418f19702ec4ec3312149f602e61859232565660d3ea822d5293bd1c935750e558543760205c84165a8de015b6689816a24c2c60e0c2831a5475b69f40af8402348146ae908f822010608ca301e725391ec931e8624218c62931409389112b3564ed98e7e619329bb8109dec46d48f4c1393247207cf0c8e0f0f44700f0fd7f3adcc0c93079d9d3d49bedc2c7afecefb9bf2e0364696fc83e7448234a17940adaf057843c201fb0b1ac63ad666d003a743e9c199861c9d2e85c93f01d5b424e706559ceb5f61659e650208d788c94fee12234048d0c04ac1c01f664d963ce859b21d23c82b5a5436201e4c83636399fb1b4360c7659c2431bd46f84485f0c49f6a02bb919258c2acc7030750e4f83c10f50b0a320099fed0b155843ed548cb209b2c3bf0327ed8f894c1176ebbe462292ea2cefe50465e0993cf6c127510999cdf06c97b6306487f727f4ec48d12412131c120476511e3a90913e2a96a9c7070247f2166d30163de2724461e7f8226303d8c3192bb6c7b1f0fc72f9191275a0c21e14793ad1092cb272cec84410f64724ac3030ae1a4632c0414c3e6705e6080be40cf8e268c26304069e4ad63ace03a9e0cad6927f02746446d0613718be63109a19c3bf4323c6996a353cc0b0c6c24d2ac4cf5a16031c65ef6318c7cd2035aec81935ada3a9549403d3219e0224da333e03f98918a0cb4263fc85646fc1bfc9301664d7e60b5cccf80c6750ec1ccb0a665a042fd62993d62bb9550602bb2c5db1aed428c10a3558be2ed3a912863361f81e68f4f3f53f4ebde24e9b0c4fc36932b691aac2bf150bde7035b7261298470359e66e9a32a9b03330d9c092a4c25a027a13b0be39189e4e8cc4a00f35b4ff0bed316d15e5a43fc33d804c002fedfe14733d8f05f3c861ec56e9a9de27b93080745e41993c059f30e5a33dc9233be0f0a367e8c04aab5984c7040c6491827b6f2b0f40578278c08ee4c7991fbf6fcc6ceec90c6170d1783a30a0c401debc13a323084facf79f8d3737b1ed327718a3b5331999cc48f1fc93be10e63ff0042c00f31a063dac398609abcb94ea88a8632be322905d9cc9f8ec5b2e7541993e47ee43fc95a17d82cc25fe75ba5ee931f48f8ff000a8371f46c11283a531f03d9d3586e27a3ba7fbff83c36860b0711774fe077f80c1803a730cf6c9e9c602798749d3ac2d7485d2f3d297e2470766099f869d8c8fb2f65986b44f931e278df41f54481f129372c6009e1355823d4603e30f51e3e3efb19fa43ccbf458232403647092d567861d9e011edb001c8b0be27be363c9053c8881b3cd6272b350b387cf33263cec6889804f2b9a7c92308b364a323ca058097ed7700466004d20780013ce345ec21e4bd1276c790ab3c92c03525080bfe2c654f4185efc6f892b3c0de8b3f45064d912fc8527913d22a3af5a567c3601f1b8020b577240a4b2fd43999220ccf49b666e420e5a4219929081966043310803331ec655850c830913b0ad82bb1095250aaf1260212a6e983b3d3d65866c3df6238dbbbfc6d907e34a99483d498d8787c08187f158f945ae9eabaff00123299fa31911b5819200fc7ed7e3ca24a04ad791b08c8022a3da080d26051c6f7828f94010b0663f9b999df05dc24d0d7cce635f3fd00cc77fa4b5b667a10c7963f606802989e4c42391e570db208cf799958621732dcc9e0f53c61848f3561d98d8c018c0576c22c6053063101ccf6d0aa57606a61fbbe31dbec3899f185f1e66cc34639e67da7f6f4c602f3d92c646c91eaaf4a67a78460f2555f4ba72bcb5d823af137f40679a55760c5d08ee012c95f0d7ad08fa2e078a78dc361859ea1a5032d75c5362c97aa5044eb3ead9629bd5ebbbffaad75e4fabd601ffac33bc8f54721681f50b3c211ea4e62531fa9f9e7a1ea7e58ac7fa9d957267abcd0fa5ea9509e383af71e437a8b1f61ad14ac297a6f1b65963a2247ac960325414c1e5061533cc4638c990b1f10243c3e42146f9399241903e291fb20b0b0fd3f81061079b231ce77bd08f98fe462867e6c9fb6609183b63cb24844a3a772d232e60e7832d0fe1d813f18bf140afc330ab3d3a5e7fc7644fc0c8c33e2ad27c36a0323262c304e54d04c1182d04e659084cf4c79d6b663859b6011237c8325d9d7e4e489f0e6373bee5678ee47cc7c22a48e0e166005475829a3630b3206bc75ba845531f52559c4792ad3a32468b398e1a477b65999899919026655e53325588664a96d96632a499e1e2e3c18f2bb2ccb6947970865a0432d, 'admin');

--
-- Indexes for dumped tables
--

--
-- Indexes for table `barang`
--
ALTER TABLE `barang`
  ADD PRIMARY KEY (`id`);

--
-- Indexes for table `invoice`
--
ALTER TABLE `invoice`
  ADD PRIMARY KEY (`id`);

--
-- Indexes for table `keranjang`
--
ALTER TABLE `keranjang`
  ADD PRIMARY KEY (`id`),
  ADD UNIQUE KEY `uq_paket_layanan` (`id_services`) USING BTREE;

--
-- Indexes for table `kontrak`
--
ALTER TABLE `kontrak`
  ADD PRIMARY KEY (`id`),
  ADD UNIQUE KEY `uk_kontrak` (`id_tagihan`,`id_jasa`);

--
-- Indexes for table `paket_layanan`
--
ALTER TABLE `paket_layanan`
  ADD PRIMARY KEY (`id`),
  ADD UNIQUE KEY `services_barang_packeting` (`id_services`,`id_barang`),
  ADD UNIQUE KEY `uq_paket_layanan_id_services_id_invoice` (`id_services`,`id_barang`),
  ADD KEY `id_barang` (`id_barang`);

--
-- Indexes for table `services`
--
ALTER TABLE `services`
  ADD PRIMARY KEY (`id`);

--
-- Indexes for table `users`
--
ALTER TABLE `users`
  ADD PRIMARY KEY (`id`);

--
-- AUTO_INCREMENT for dumped tables
--

--
-- AUTO_INCREMENT for table `barang`
--
ALTER TABLE `barang`
  MODIFY `id` int(11) NOT NULL AUTO_INCREMENT, AUTO_INCREMENT=63;

--
-- AUTO_INCREMENT for table `invoice`
--
ALTER TABLE `invoice`
  MODIFY `id` int(11) NOT NULL AUTO_INCREMENT, AUTO_INCREMENT=38;

--
-- AUTO_INCREMENT for table `keranjang`
--
ALTER TABLE `keranjang`
  MODIFY `id` int(11) NOT NULL AUTO_INCREMENT, AUTO_INCREMENT=13;

--
-- AUTO_INCREMENT for table `kontrak`
--
ALTER TABLE `kontrak`
  MODIFY `id` int(10) UNSIGNED NOT NULL AUTO_INCREMENT, AUTO_INCREMENT=44;

--
-- AUTO_INCREMENT for table `paket_layanan`
--
ALTER TABLE `paket_layanan`
  MODIFY `id` int(11) NOT NULL AUTO_INCREMENT, AUTO_INCREMENT=105;

--
-- AUTO_INCREMENT for table `services`
--
ALTER TABLE `services`
  MODIFY `id` int(11) NOT NULL AUTO_INCREMENT, AUTO_INCREMENT=36;

--
-- AUTO_INCREMENT for table `users`
--
ALTER TABLE `users`
  MODIFY `id` int(11) NOT NULL AUTO_INCREMENT, AUTO_INCREMENT=42;

--
-- Constraints for dumped tables
--

--
-- Constraints for table `paket_layanan`
--
ALTER TABLE `paket_layanan`
  ADD CONSTRAINT `paket_layanan_ibfk_1` FOREIGN KEY (`id_services`) REFERENCES `services` (`id`),
  ADD CONSTRAINT `paket_layanan_ibfk_2` FOREIGN KEY (`id_barang`) REFERENCES `barang` (`id`);
COMMIT;

/*!40101 SET CHARACTER_SET_CLIENT=@OLD_CHARACTER_SET_CLIENT */;
/*!40101 SET CHARACTER_SET_RESULTS=@OLD_CHARACTER_SET_RESULTS */;
/*!40101 SET COLLATION_CONNECTION=@OLD_COLLATION_CONNECTION */;
