-- phpMyAdmin SQL Dump
-- version 5.2.0
-- https://www.phpmyadmin.net/
--
-- Host: localhost
-- Generation Time: Dec 11, 2024 at 04:11 AM
-- Server version: 10.4.27-MariaDB
-- PHP Version: 8.2.0

SET SQL_MODE = "NO_AUTO_VALUE_ON_ZERO";
START TRANSACTION;
SET time_zone = "+00:00";


/*!40101 SET @OLD_CHARACTER_SET_CLIENT=@@CHARACTER_SET_CLIENT */;
/*!40101 SET @OLD_CHARACTER_SET_RESULTS=@@CHARACTER_SET_RESULTS */;
/*!40101 SET @OLD_COLLATION_CONNECTION=@@COLLATION_CONNECTION */;
/*!40101 SET NAMES utf8mb4 */;

--
-- Database: `dbwgsl`
--

-- --------------------------------------------------------

--
-- Table structure for table `barang`
--

CREATE TABLE `barang` (
  `id` int(11) NOT NULL,
  `nama_barang` tinytext NOT NULL,
  `merk` tinytext NOT NULL,
  `harga` int(11) NOT NULL,
  `besaran` varchar(20) NOT NULL
) ENGINE=InnoDB DEFAULT CHARSET=utf8mb4 COLLATE=utf8mb4_general_ci;

--
-- Dumping data for table `barang`
--

INSERT INTO `barang` (`id`, `nama_barang`, `merk`, `harga`, `besaran`) VALUES
(1, 'CCTV', 'AXON', 1000000, 'pcs'),
(2, 'Pipa rucika', 'Rucikson', 4000, 'meter'),
(3, 'Kabel Listrik', 'Politron', 20000, 'meter'),
(4, 'Kabel UTP Paket Lengkap', 'Larion', 10000, 'meter'),
(5, 'Pipa 1 inch', 'Rucika', 55000, 'Batang'),
(6, 'Pompa Air (Submersible 0.5hp)', 'Paloma', 2500000, 'pcs'),
(7, 'Panel Surya 100 wp', 'Solana', 1500000, 'keping'),
(8, 'Tower Triangle', '...', 2000000, 'batang'),
(9, 'Baterai Lipo 100 AH ', 'ICA', 1600000, 'pcs'),
(10, 'Solar Charge Control (SCC) 50A, 24V', 'ICA Solar', 1000000, 'unit'),
(11, 'Biaya Kendala', '-', 1250000, '/ projek'),
(12, 'LHG LTE', 'Mikrotik', 7000000, 'unit'),
(13, 'Router', 'Mi Router', 1000000, 'unit'),
(14, 'Pipa transmisi PVC dia. 1,5\" AW (dari ground ke thoren)', 'Wavin', 35746, 'm'),
(15, 'Pipa distribusi PVC dia. 2\" AW (dari thoren ke pipa distribusi PVC)', 'Rucika', 43227, 'm'),
(16, 'Pipa penguras PVC dia. 2\" AW', 'Vinilon', 23775, 'm'),
(17, 'Stopkran besi dia. 2\"', 'Onda', 293250, 'buah'),
(18, 'Check valve dia. 1,5\"', 'Maspion', 267375, 'buah'),
(19, 'Pipa penyaring besi dia. 2\"', 'Maspion', 405375, 'buah'),
(20, 'Pengaman pompa dari tralis besi hollow 70x50x70 cm lengkap dengan aksesoris engsel, kunci, finishing cat besi', 'King Hardware', 804068, 'unit'),
(21, 'Pemasangan railling pipa Galvanis Medium B dia. 2\", h = 1,00 m', 'Galvindo', 222827, 'm'),
(22, 'Penggalian tanah biasa sedalam s.d 1 m', '-', 47190, 'm^3'),
(23, 'Pengurugan dengan pasir urug', '-', 105996, 'm^3'),
(24, 'Pipa Header GIP Medium B dia. 4\", panjang 1,50 m', 'TSP', 393270, 'bh'),
(25, 'Pemasangan pipa PVC dia. 2\" AW', 'Wavin', 43227, 'm'),
(26, 'Pemasangan pipa PVC dia. 3/4\" AW', 'Rucika', 15391, 'm'),
(27, 'Urugan tanah kembali', '-', 18876, 'm^3'),
(28, '1 m3 Pemadatan tanah', '-', 3767, 'm3'),
(29, 'Pembuangan tanah sejauh s.d. 30 m', '-', 20691, 'm^3'),
(30, 'Pasang Stop kran PVC dia. 2\"', 'Onda', 79860, 'bh'),
(31, 'Pemasangan 1 buah kran Ø ¾” atau ½”', 'Krisbow', 83339, 'bh'),
(32, 'Pasang Reducer PVC dia. 2\"x1\"', 'Maspion', 7920, 'bh'),
(33, 'Panel PHBTR Lengkap dengan ATS/AMF', 'Schneider Electric', 13750000, 'unit'),
(34, 'Panel Utama (MDP)', 'ABB', 4400000, 'unit'),
(35, 'Panel Listrik Kantor', 'Panasonic', 3025000, 'unit'),
(36, 'Panel Listrik Umum', 'Hager', 2750000, 'unit'),
(37, 'Panel Kontrol Pompa', 'Siemens', 2200000, 'unit'),
(38, 'Panel Kontrol Aerator', 'Omron', 1760000, 'unit'),
(39, 'Material Bantu & Testing Commissioning', '-', 1000000, 'ls'),
(40, 'Air Terminal', 'Erico', 10000000, 'unit'),
(41, 'Head penangkal petir type electrostatic / non-radio aktif, R=100m', 'ABB', 10000000, 'unit'),
(42, 'Kabel NSXY 1C x 35 mm²', 'Supreme', 75000, 'm'),
(43, 'Konduit High Impact PVC Minimum Ø 20 mm', 'Clipsal', 9350, 'm'),
(44, 'Klem kabel', 'OBO Bettermann', 99000, 'ls'),
(45, 'Pentanahan / Grounding System', 'Megger', 5000000, 'unit'),
(46, 'Tiang penangkal petir tinggi 5 m bahan GIP pipe medium class B Ø 2,5\"', 'Galvanis', 2500000, 'bh'),
(47, 'Accessories', 'Schneider', 385000, 'ls'),
(48, 'Testing & Commissioning', 'Siemens', 1250000, 'ls'),
(49, 'Instalasi CCTV dg kabel CAT 6 + Power dlm pipa conduit PVC dia. 20 mm2', 'Belden', 165000, 'titik'),
(50, 'IP Colour Camera Outdoor Day & Night Fixed Type', 'Hikvision', 1925000, 'bh'),
(51, 'IP Dome Camera Indoor Day & Night 180° Type', 'Dahua', 2750000, 'bh'),
(52, 'NVR kap 16 channel, hardisc 1 T', 'Hikvision', 1650000, 'unit'),
(53, 'Monitor LED 32\" + assesories', 'Samsung', 1650000, 'unit'),
(54, 'Power Surge Arester 15 KA', 'Schneider', 550000, 'unit'),
(55, 'Fitting & Supporting', 'Schneider', 3850000, 'ls'),
(56, 'UPS 3000 VA 2U Rackmount LCD 230 V online', 'APC', 16250000, 'unit'),
(57, 'Pompa transfer kap. 30 ltr/menit, tekanan 35 m, motor rated: 0.30 KW; 220 V/I Phase/50 Hz (terpasang)', 'Grundfos', 4950000, 'unit'),
(58, 'Tangga Monyet', '-', 247500, 'm'),
(62, 'besi', 'besi', 1000, 'm'),
(63, 'kabel', 'fuji', 100000, 'meter'),
(64, 'Pipa rucika', 'rucika wash', 2000000, 'meter');

-- --------------------------------------------------------

--
-- Table structure for table `invoice`
--

CREATE TABLE `invoice` (
  `id` int(11) NOT NULL,
  `bukti_bayar` text NOT NULL,
  `tanggal_checkout` datetime NOT NULL DEFAULT current_timestamp(),
  `confirmed` int(11) DEFAULT NULL
) ENGINE=InnoDB DEFAULT CHARSET=utf8mb4 COLLATE=utf8mb4_general_ci;

--
-- Dumping data for table `invoice`
--

INSERT INTO `invoice` (`id`, `bukti_bayar`, `tanggal_checkout`, `confirmed`) VALUES
(38, '6757aad5557a3.jpg', '2024-12-10 09:43:33', -1),
(39, '6757bb1b8657d.png', '2024-12-10 10:52:59', -1);

-- --------------------------------------------------------

--
-- Table structure for table `keranjang`
--

CREATE TABLE `keranjang` (
  `id` int(11) NOT NULL,
  `user_username` varchar(50) NOT NULL,
  `id_invoice` int(11) DEFAULT NULL,
  `id_services` int(11) NOT NULL
) ENGINE=InnoDB DEFAULT CHARSET=utf8mb4 COLLATE=utf8mb4_general_ci;

--
-- Dumping data for table `keranjang`
--

INSERT INTO `keranjang` (`id`, `user_username`, `id_invoice`, `id_services`) VALUES
(13, 'rizki', 38, 2),
(14, 'rizki', 39, 3),
(15, 'rizki', 39, 1),
(19, 'rizki', 39, 5),
(23, 'rizki', 39, 3),
(24, 'rizki', 39, 1),
(25, 'rizki', 39, 3),
(26, 'rizki', 39, 4);

-- --------------------------------------------------------

--
-- Table structure for table `kontrak`
--

CREATE TABLE `kontrak` (
  `id` int(10) UNSIGNED NOT NULL,
  `id_tagihan` int(11) NOT NULL,
  `id_jasa` int(11) NOT NULL,
  `deskripsi` text NOT NULL,
  `harga` bigint(20) NOT NULL
) ENGINE=InnoDB DEFAULT CHARSET=utf8mb4 COLLATE=utf8mb4_general_ci;

--
-- Dumping data for table `kontrak`
--

INSERT INTO `kontrak` (`id`, `id_tagihan`, `id_jasa`, `deskripsi`, `harga`) VALUES
(40, 46, 10, '', 0),
(41, 46, 11, '', 0),
(42, 46, 12, '', 0),
(43, 47, 13, '', 0);

-- --------------------------------------------------------

--
-- Table structure for table `paket_layanan`
--

CREATE TABLE `paket_layanan` (
  `id` int(11) NOT NULL,
  `id_services` int(11) NOT NULL,
  `id_barang` int(11) NOT NULL,
  `besar` int(11) NOT NULL,
  `photo_url` blob DEFAULT NULL
) ENGINE=InnoDB DEFAULT CHARSET=utf8mb4 COLLATE=utf8mb4_general_ci;

--
-- Dumping data for table `paket_layanan`
--

INSERT INTO `paket_layanan` (`id`, `id_services`, `id_barang`, `besar`, `photo_url`) VALUES
(1, 1, 4, 20, NULL),
(2, 1, 3, 5, NULL),
(5, 1, 1, 1, NULL),
(6, 2, 4, 20, NULL),
(7, 2, 3, 20, NULL),
(8, 2, 1, 7, NULL),
(9, 3, 5, 10, NULL),
(10, 3, 6, 1, NULL),
(11, 1, 7, 2, NULL),
(12, 1, 8, 4, NULL),
(13, 1, 9, 2, NULL),
(14, 1, 10, 1, NULL),
(15, 1, 11, 1, NULL),
(16, 1, 12, 1, NULL),
(17, 1, 13, 1, NULL),
(18, 5, 17, 2, NULL),
(19, 5, 24, 2, NULL),
(34, 4, 14, 18, NULL),
(35, 4, 15, 12, NULL),
(36, 4, 16, 12, NULL),
(37, 4, 20, 1, NULL),
(38, 4, 17, 2, NULL),
(39, 4, 18, 1, NULL),
(40, 4, 19, 1, NULL),
(41, 4, 21, 10, NULL),
(42, 4, 58, 6, NULL),
(58, 5, 22, 52, NULL),
(59, 5, 23, 10, NULL),
(60, 5, 25, 209, NULL),
(61, 5, 26, 36, NULL),
(62, 5, 27, 41, NULL),
(63, 5, 29, 11, NULL),
(64, 6, 33, 1, NULL),
(65, 6, 34, 1, NULL),
(66, 6, 35, 1, NULL),
(67, 6, 36, 1, NULL),
(68, 6, 37, 1, NULL),
(69, 6, 38, 1, NULL),
(70, 6, 39, 1, NULL),
(71, 8, 40, 1, NULL),
(72, 8, 42, 18, NULL),
(73, 8, 43, 18, NULL),
(74, 8, 44, 1, NULL),
(75, 8, 45, 1, NULL),
(76, 8, 46, 1, NULL),
(77, 8, 47, 1, NULL),
(78, 8, 48, 1, NULL),
(79, 9, 49, 8, NULL),
(80, 9, 50, 4, NULL),
(81, 9, 51, 4, NULL),
(82, 9, 52, 1, NULL),
(83, 9, 53, 1, NULL),
(84, 9, 54, 1, NULL),
(85, 9, 55, 1, NULL),
(86, 9, 56, 1, NULL),
(87, 5, 57, 1, NULL),
(88, 1, 2, 60, NULL),
(95, 3, 1, 23, NULL),
(97, 1, 26, 80, NULL),
(104, 35, 15, 2, NULL),
(105, 5, 2, 12, NULL);

-- --------------------------------------------------------

--
-- Table structure for table `services`
--

CREATE TABLE `services` (
  `id` int(11) NOT NULL,
  `nama` tinytext NOT NULL,
  `deskripsi` text NOT NULL,
  `img_url` varchar(255) NOT NULL,
  `harga` int(11) NOT NULL
) ENGINE=InnoDB DEFAULT CHARSET=utf8mb4 COLLATE=utf8mb4_general_ci;

--
-- Dumping data for table `services`
--

INSERT INTO `services` (`id`, `nama`, `deskripsi`, `img_url`, `harga`) VALUES
(1, 'Pemasangan WiFi RT', 'Kecepatan 670 mb/s', 'assets/images/1733153152_61387f4515f377b36cbd.jpg', 20000000),
(2, 'Pemasangan Wifi Kantor', 'Ini adalah pemasangan wifi di daerah kantor', 'assets/images/1733152993_c248d13c00ea3f4afebd.jpg', 0),
(3, 'Pengeboran Air', 'Ini adalah pengeboran air', 'assets/images/1733153587_a4aba936dd9d24931beb.jpg', 0),
(4, 'Pembangunan Menara Air dan Instalasi Air Bersih ', 'embangunan menara air adalah konstruksi yang digunakan untuk menampung dan mendistribusikan air bersih ke berbagai lokasi di sekitar wilayah. Instalasi air bersih mencakup seluruh sistem yang digunakan untuk mengambil, mengolah, dan mendistribusikan air yang aman untuk dikonsumsi oleh masyarakat', 'assets/images/1733153183_a500da6bc518ff3a115f.jpg', 0),
(5, 'Instalasi Air Bersih Kawasan', 'sistem distribusi air bersih yang dirancang untuk memenuhi kebutuhan air bersih di suatu kawasan atau area tertentu, seperti perumahan, industri, atau kawasan komersial', 'assets/images/1733153171_9a9eb0805816cbc51f88.jpg', 0),
(6, 'PEKERJAAN PANEL LISTRIK (TERMASUK GROUNDING)', 'Serangkaian kegiatan yang melibatkan pemasangan, pengaturan, dan pemeliharaan panel listrik yang berfungsi untuk mengendalikan dan mendistribusikan aliran listrik ke seluruh sistem atau perangkat yang membutuhkan daya listrik.', 'assets/images/1733152981_164bd72bf818132957f3.jpg', 0),
(7, 'INSTALASI KABEL FEEDER', 'proses pemasangan dan pengaturan kabel yang digunakan untuk mentransmisikan daya listrik dari sumber utama, seperti pembangkit listrik atau panel distribusi utama, ke berbagai titik distribusi atau sub-panel di seluruh sistem kelistrikan', 'assets/images/1733152938_592f36c2113552b1a788.jpg', 0),
(8, 'INSTALASI PENANGKAL PETIR', 'sistem yang dirancang untuk melindungi bangunan, instalasi listrik, dan perangkat lainnya dari dampak bahaya petir dengan cara mengalihkan energi listrik yang ditimbulkan oleh sambaran petir ke tanah, sehingga mencegah kerusakan pada struktur atau peralatan yang ada', 'assets/images/1733152958_a52477a9c802d8bb4fa4.jpg', 0),
(9, 'Instalasi CCTV', 'Kami menyediakan layanan instalasi CCTV yang handal untuk memastikan keamanan properti Anda, baik untuk rumah, kantor, maupun tempat usaha. Dengan dukungan tenaga ahli berpengalaman,', 'assets/images/1733152864_946a80a540749d6b43d0.jpg', 0),
(29, 'h', 'h', 'assets/images/1733153629_6a6a47237ddd54dba637.jpg', 100),
(30, 'v', 'v', 'assets/images/1733153615_8550624e0cd939b5a511.jpg', 120),
(32, 'instalasi', 'instalasi', 'assets/images/1733240830_5f0614fd2fd6a2849179.jpg', 1000),
(33, 'Air Bersih Rumah', 'Memberikan air bersih untuk rumah tangga', 'assets/images/1733644655_88a9ca6fe3b608922169.jpg', 1000000),
(35, 'air bersih rumah', 'menyediakan air bersih untuk rumah tangga', 'assets/images/1733749080_97790d06779ea3bd08b1.jpg', 1000);

-- --------------------------------------------------------

--
-- Table structure for table `users`
--

CREATE TABLE `users` (
  `id` int(11) NOT NULL,
  `nama` varchar(50) NOT NULL,
  `username` varchar(50) NOT NULL,
  `password` varchar(100) NOT NULL,
  `alamat` text NOT NULL,
  `email` varchar(50) NOT NULL,
  `no_hp` int(20) NOT NULL,
  `photo_url` blob NOT NULL,
  `role` varchar(15) NOT NULL
) ENGINE=InnoDB DEFAULT CHARSET=utf8mb4 COLLATE=utf8mb4_general_ci;

--
-- Dumping data for table `users`
--

INSERT INTO `users` (`id`, `nama`, `username`, `password`, `alamat`, `email`, `no_hp`, `photo_url`, `role`) VALUES
(37, 'Heri Sanjaya Ginting', 'heri', 'ef797c8118f02dfb649607dd5d3f8c7623048c9c063d532cc95c5ed7a898a64f', 'Jl. STN MHD ARIF', 'r@mail.com', 2147483647, '', 'admin');
INSERT INTO `users` (`id`, `nama`, `username`, `password`, `alamat`, `email`, `no_hp`, `photo_url`, `role`) VALUES
(39, 'Rizki Hidayah', 'rizki', '36f583dd16f4e1e201eb1e6f6d8e35a2ccb3bbe2658de46b4ffae7b0e9ed872e', 'jl. Dr Mansyur', 'rizki2003@gmail.com', 86366372, 0xffd8ffe10e934578696600004d4d002a000000080007011200030000000100010000011a00050000000100000062011b0005000000010000006a012800030000000100020000013100020000001f000000720132000200000014000000918769000400000001000000a8000000d4002dc6c000002710002dc6c00000271041646f62652050686f746f73686f702032312e32202857696e646f77732900323032333a30393a30322032313a31303a3036000000000003a001000300000001ffff0000a00200040000000100000162a003000400000001000001d80000000000000006010300030000000100060000011a00050000000100000122011b0005000000010000012a012800030000000100020000020100040000000100000132020200040000000100000d590000000000000048000000010000004800000001ffd8ffed000c41646f62655f434d0002ffee000e41646f626500648000000001ffdb0084000c08080809080c09090c110b0a0b11150f0c0c0f1518131315131318110c0c0c0c0c0c110c0c0c0c0c0c0c0c0c0c0c0c0c0c0c0c0c0c0c0c0c0c0c0c0c0c0c0c010d0b0b0d0e0d100e0e10140e0e0e14140e0e0e0e14110c0c0c0c0c11110c0c0c0c0c0c110c0c0c0c0c0c0c0c0c0c0c0c0c0c0c0c0c0c0c0c0c0c0c0c0c0c0c0cffc00011080071005503012200021101031101ffdd00040006ffc4013f0000010501010101010100000000000000030001020405060708090a0b0100010501010101010100000000000000010002030405060708090a0b1000010401030204020507060805030c33010002110304211231054151611322718132061491a1b14223241552c16233347282d14307259253f0e1f163733516a2b283264493546445c2a3743617d255e265f2b384c3d375e3f3462794a485b495c4d4e4f4a5b5c5d5e5f55666768696a6b6c6d6e6f637475767778797a7b7c7d7e7f711000202010204040304050607070605350100021103213112044151617122130532819114a1b14223c152d1f0332462e1728292435315637334f1250616a2b283072635c2d2449354a317644555367465e2f2b384c3d375e3f34694a485b495c4d4e4f4a5b5c5d5e5f55666768696a6b6c6d6e6f62737475767778797a7b7c7ffda000c03010002110311003f00e3924925e8ce429129c7baf701589dc768248027facefddfce51ac30bc6f9da3531f9142dca36921da01ed6b07d103f71ad58ff15f8bfdd4fb3840966238a465f26289ff00a53936797e5fdcf54be5ff00a4eb53d3ba4535bacea59f0f23f4546389719fa363ac735fb6bfddf67e9154cffd8ac03ec17db712068e2d307f39bed63372a8ca32721e2185c5e6403c49effcb5b787d033c9639b6fa65bf45cd805a78dcd76d63bfa8b9d9fc679d12e23cc104f84387fc4e16ec3938c8698eff97770dae2e241696b8092d76861496fdbf53739dbeeaafdf7cee6b6c33ba3fc1b9e777d2fccdcb1efc2caa6b175b59630bcd67f92f1cd5637e956efdcff0049fe0d6dfc17e33f79270e79c4e5df1cf487b9fd4e1ff38d5e6f9438aa510447a8de9024924b7da6a49249253fffd0e3924925e8ce421bec2c11dcf0b43a0748bf388bb61d9ba1ae3f474f042e9582ccfea66bb9bbeaada5ee1af935aba3b454d6b599591f63c7ae40153bd3d3fad2bcefe21cccb27319652f9e7237fd58fcb187f831f4bbdcaf2e0638cbf462341fbde2e9e2742654edd23711ee31aabf5e3d540df6b8068e49303f158981995536c63e4bf22bd7e9bdd60201daef4dcffdd77d2d8b4fabd8daf10596b77b60bb6c4f6fdd59b21aeb6df8d568e960757e8b75a6ba6e63ace3734cb74fe52e43eb832dc4ea6f8918d9f582e83a12d3bbfabec7a361f55c6bac7d7661d9be8706bdcd6b4eae98f47659bae67b37efad8f5adf59ba7bf2feaddb71ac8b70dadc8a4b843b6b0eeb47fdb3bd4b8e72c592328dc482083d62778c9832404e12eaf9f1d0c24911048f0292f4f8126112772012f32773e6a49249394fffd1e3924925e8ce43b3f545a3f6964ba3fc0b7feac83f9575195d130335edc82cdb734435c3fcd3fe72e63eaa58d6f50b6a3a3ada5db0f9b08b1cdff3372ec31af68d0980bcf7e3d80e1f88e615519d6587965f98ff00e1bee45e8be1d2e3e561d786e27e8d2c7e938982daeaa6b05cd9f4d8dd7681ee76d1f9adddeeb16c7a355d8ec03f4ae832d1ae9e4b33345790e7b3d53592d2d74120967eeee696595f1f4d962acd663b8b77dbed6383987793b5edfa2f9738ee7ffe18f5165ef77ab7446aab475b070b0ec78b18435be1123eed15feab9019d2b3aeb66e6b31ae2e683f480addeddc7e8acaaaf632cf49867dbba6649edb8a9f55ca6d5d13a839e7daec6b5bfda7b7d267f9cfb149cbc44f362811c5c7384387f7b8a5c3c2c79854252db8625f32020007529d3275ea4f28a49249253fffd2e3924925e8ce425c4c9762655394d9269787c0ee07d36ff6d9ec5db537b09d0ee63a0b1c3b83ab0ff9ab856b1ef706b1a5ce26001e2b5fa6655f457e8dba0acc06922434fbbb2e67fe3472d0c98f1e78ca3ee623edce37eb9639fcbff85cff00f4a3a9f09cfc1396296d3f50fef45d7cbe9b45d9563dfb88b0822090200801cd07639aade3f48a83bdd456408d5ad131fdaddb553196e2d059ee8e077d11aaeb390435ada491cf1ac2e4019557676ec0fab76bc1c7c6bcdd8f5b6b6b86d786081a7ef7f2b72cefadd9c2be9acc304efca7827fe2ea87bbff0004f495cfb7d8e6cdd0cf060d4fcd66e5dd5f55bf23a558435b4d2cb6bb624b2f7979976d976cf47d2f519fe8deaefc1847fd23cbcb20b8425c67ce11e284bfc0c9c1269fc472fb7cae43dc08ff008d2f57fcd795491f2f072f0ec15e45646efa0f6fb98f1fbd55adf6bd57041e355e8d19090b89041ea1e6f7161749249392ff00ffd3e22ccbc761da09b5ff00bb58dd1f177d0566aaaf15fad76ec72e1fa2a987f4c7f94fb3fc0b7fb3ea7fc5abb60c7c600b2b6876818c68035f9205a1e58eddad8ffa67c3f901743933f33978865ca4c65fe4e03dbc7fddfde945cd138d0e08f0ff005a5ea935f0ab7540b81e786cc8feb6bf491acbaea81bd9ab9ba969e1c3f3821372e868f4eb0ebac68d434401fdb7ed6aaeecbcc759b8b00ac023d21de7bef3f9dff4156308f0185583a1017c4cf8f8ee88d45e8f4782db326b6d946e878910410b459d33300d5d03e202e53a575218968763d8d151d1d4bbda678fa2ef6eff00f8b5dae33ce56336eaec2e63b4910083f9cc70fa4d72c1e67979e2d4eb03b487e4eef2d9e19456d31bc4fe61a396ec7e9d4baeb9dea3da090c1ac959fd2b29b538e4e5d8dadef9b2d7b8c01bcfd23fbadddb589baed94b6e38d59dce611ebb8ea1a67f9addfc9fa56acacbcca5f43ba7e2bfd40e21f73dbf44069ded6091ef7bac6fd25a1f0bc271c4e690f54c7a2fb74ff19cef8acc6523083e989f591d3f7bfc57b3ace167d0ea6bb2bbeb710e9a2c6ee0f69965d5595173aabea77babb562e6f47ea8cb37582bea7bcff3ae8a2d3f9bbae73bf4567eefa95d9eb7f2173385d36cbaf0da9ae73c39a40ada5ce991afb676aee28b36524e5d671ae802d07da0c7d17b19bbdbedfe4ad280f727c5ae3c83f4f1cb8674e4cc4f958de39f1c247e49c6e3c5fcbf71e7ff0067feb02838f902d22457fa3d8403b5ce6e67a9e9ec638ec733fa47bfe824ba1df8f3f6bf507a24493da7e8b6dff8cdbfa3495af7399ffc513db87f47e4ff00bfff005bf3acfbe1ff00351dbfadfceff2fd07ffd4e5f5f50bdd25fe004ec6f1dbf393176c25af311c83a11fd695b1f56b26bc7b9cea5b736e75369cabdb602cf41a3d7707d0dc5baf654ef4eaaecbaabf7d767fa35d25b83916e6e2db6106f658d6d15b88b5ae3632d7b75c86b9d7fa58f5bb65d67e9767a3fa47fd9ebf47572733c12a31d2aeeda30c1c51bbfc1e00fa45a4b5c351a6aa05817a4b68cbbdcdc81436d6e43b7871fd207071a6a6facf7db5bac654da3d9fa4abd0f46caffc2e3517f0dd59f877657af88e6863c00ea5949a05658d6d5b5ac73ef63bd5dbeafb2e7a761e67dc911c355e3c48c987805db9176231cedcd1a9fa4df1fe537f94aef46ea197d2ec7fa0e9aac691656f3ed6903f477b67e8fa6eff003fe828386884ea85ad32e21a1df44778fde5265c519c240c44b8bf44ed2463cd38c811231e1fd20c722d7dc0b5a4ed7125ef77d2713ab89feb22f4ce9f6dbeda84dd916329a86825cf21958f77b7f9c7a7757ac727b42bd8ad2da5ad0ed8e9dc1c390e07731cdfeab93e30d7e9a76b593cb435dac5f975776a6dbd3b2df8d8c0578d88ff0040d54b89b0de0b6bb72721f43ab7d4c6fbebf5ec7e3facff00d63d2bfd9528750b72aec4beac9f4eebb118dc8639c436ff0040b8557519943776d73722c659feb627cab7a67597bb2ee7e3e166646c39945e5c287d8c1e97db316f616be97bbd4fd255e965fb3f9efdfb4ef7e0748c6baea2eab29d6e2bf0f17169d001639b6becb2e365cfb7f49eef7fa7e9ff0083fe7bf454a238786e2465063628fcc3e6f5ff005bf79bd294278cd1062438433c7d90fe969fa40efda36c6bedf4ff00f304957fb03bed1eafa4efb213eb7a535c48ff0007ebeef4f6fbbf7d25a367b787fe84e4f063deff00afbc7fbbc0ff00ffd5e41b55bb76bc0da3513ac7c14fe80f3f141c5c8f5686bb870f6b8798d149c67bad98c8100868ca26c84955cfaec1631ce639bab5cc71690410416169f6fb939284d3a9f82230c8f8292242c9034a2426ae363bfac522999fcd927bb8a24ac0138682e07b778d4a1646764536beaaaa0e680ddae0093246ee434b13ee823768235015b0039800d010890642a32303dc22c44dca22636e12e70ea19a647a2e2099da43e3fcd86a66e76635dbbd2736093a35ddfc25bb7e8ab76557320b0eef183054f1b2afaad9738c0e47623ba8658a7d724bec0ca32c2bd38e3e56d3fdaa676ec7ff005779e7fcdddfd9496fce3fa7ebee1b3c6358fdc491f6b2ff009ef1f946cc7efe2ff31e1f37e93fffd6e130bf9a3fd677e52ac8e47c973892d3c5f286b4fe62f4bdd3b3bae652534588ecf51dc20dbf45bfdbfcab9d49373ff372561f9e2f58ff00f07fd40ac53fccb7e0b8b494f8fa7930e5dbeaf6cefa2557b3e8fcd7229239364627ab1fcc1feb0fc8e4972892afd3f97ef363afd7fee5ffd9ffed16ac50686f746f73686f7020332e30003842494d0425000000000010000000000000000000000000000000003842494d043a0000000000e5000000100000000100000000000b7072696e744f7574707574000000050000000050737453626f6f6c0100000000496e7465656e756d00000000496e746500000000496d67200000000f7072696e745369787465656e426974626f6f6c000000000b7072696e7465724e616d65544558540000000100000000000f7072696e7450726f6f6653657475704f626a630000000c00500072006f006f006600200053006500740075007000000000000a70726f6f6653657475700000000100000000426c746e656e756d0000000c6275696c74696e50726f6f660000000970726f6f66434d594b003842494d043b00000000022d00000010000000010000000000127072696e744f75747075744f7074696f6e7300000017000000004370746e626f6f6c0000000000436c6272626f6f6c00000000005267734d626f6f6c000000000043726e43626f6f6c0000000000436e7443626f6f6c00000000004c626c73626f6f6c00000000004e677476626f6f6c0000000000456d6c44626f6f6c0000000000496e7472626f6f6c000000000042636b674f626a630000000100000000000052474243000000030000000052642020646f7562406fe000000000000000000047726e20646f7562406fe0000000000000000000426c2020646f7562406fe000000000000000000042726454556e744623526c74000000000000000000000000426c6420556e744623526c7400000000000000000000000052736c74556e74462350786c4072c000000000000000000a766563746f7244617461626f6f6c010000000050675073656e756d00000000506750730000000050675043000000004c656674556e744623526c74000000000000000000000000546f7020556e744623526c7400000000000000000000000053636c20556e74462350726340590000000000000000001063726f705768656e5072696e74696e67626f6f6c000000000e63726f7052656374426f74746f6d6c6f6e67000000000000000c63726f70526563744c6566746c6f6e67000000000000000d63726f705265637452696768746c6f6e67000000000000000b63726f7052656374546f706c6f6e6700000000003842494d03ed000000000010012c000000010002012c0000000100023842494d042600000000000e000000000000000000003f8000003842494d040d0000000000040000005a3842494d04190000000000040000001e3842494d03f3000000000009000000000000000001003842494d271000000000000a000100000000000000023842494d03f5000000000048002f66660001006c66660006000000000001002f6666000100a1999a0006000000000001003200000001005a00000006000000000001003500000001002d000000060000000000013842494d03f80000000000700000ffffffffffffffffffffffffffffffffffffffffffff03e800000000ffffffffffffffffffffffffffffffffffffffffffff03e800000000ffffffffffffffffffffffffffffffffffffffffffff03e800000000ffffffffffffffffffffffffffffffffffffffffffff03e800003842494d040000000000000200013842494d0402000000000004000000003842494d043000000000000201013842494d042d0000000000060001000000023842494d0408000000000010000000010000024000000240000000003842494d041e000000000004000000003842494d041a00000000035b000000060000000000000000000001d800000162000000130050006100730046006f0074006f0020004200690072007500200033006b0061006c00690034000000010000000000000000000000000000000000000001000000000000000000000162000001d800000000000000000000000000000000010000000000000000000000000000000000000010000000010000000000006e756c6c0000000200000006626f756e64734f626a6300000001000000000000526374310000000400000000546f70206c6f6e6700000000000000004c6566746c6f6e67000000000000000042746f6d6c6f6e67000001d800000000526768746c6f6e670000016200000006736c69636573566c4c73000000014f626a6300000001000000000005736c6963650000001200000007736c69636549446c6f6e67000000000000000767726f757049446c6f6e6700000000000000066f726967696e656e756d0000000c45536c6963654f726967696e0000000d6175746f47656e6572617465640000000054797065656e756d0000000a45536c6963655479706500000000496d672000000006626f756e64734f626a6300000001000000000000526374310000000400000000546f70206c6f6e6700000000000000004c6566746c6f6e67000000000000000042746f6d6c6f6e67000001d800000000526768746c6f6e67000001620000000375726c54455854000000010000000000006e756c6c54455854000000010000000000004d7367655445585400000001000000000006616c74546167544558540000000100000000000e63656c6c54657874497348544d4c626f6f6c010000000863656c6c546578745445585400000001000000000009686f727a416c69676e656e756d0000000f45536c696365486f727a416c69676e0000000764656661756c740000000976657274416c69676e656e756d0000000f45536c69636556657274416c69676e0000000764656661756c740000000b6267436f6c6f7254797065656e756d0000001145536c6963654247436f6c6f7254797065000000004e6f6e6500000009746f704f75747365746c6f6e67000000000000000a6c6566744f75747365746c6f6e67000000000000000c626f74746f6d4f75747365746c6f6e67000000000000000b72696768744f75747365746c6f6e6700000000003842494d042800000000000c000000023ff00000000000003842494d041100000000000101003842494d0414000000000004000000023842494d040c000000000d75000000010000005500000071000001000000710000000d5900180001ffd8ffed000c41646f62655f434d0002ffee000e41646f626500648000000001ffdb0084000c08080809080c09090c110b0a0b11150f0c0c0f1518131315131318110c0c0c0c0c0c110c0c0c0c0c0c0c0c0c0c0c0c0c0c0c0c0c0c0c0c0c0c0c0c0c0c0c0c010d0b0b0d0e0d100e0e10140e0e0e14140e0e0e0e14110c0c0c0c0c11110c0c0c0c0c0c110c0c0c0c0c0c0c0c0c0c0c0c0c0c0c0c0c0c0c0c0c0c0c0c0c0c0c0cffc00011080071005503012200021101031101ffdd00040006ffc4013f0000010501010101010100000000000000030001020405060708090a0b0100010501010101010100000000000000010002030405060708090a0b1000010401030204020507060805030c33010002110304211231054151611322718132061491a1b14223241552c16233347282d14307259253f0e1f163733516a2b283264493546445c2a3743617d255e265f2b384c3d375e3f3462794a485b495c4d4e4f4a5b5c5d5e5f55666768696a6b6c6d6e6f637475767778797a7b7c7d7e7f711000202010204040304050607070605350100021103213112044151617122130532819114a1b14223c152d1f0332462e1728292435315637334f1250616a2b283072635c2d2449354a317644555367465e2f2b384c3d375e3f34694a485b495c4d4e4f4a5b5c5d5e5f55666768696a6b6c6d6e6f62737475767778797a7b7c7ffda000c03010002110311003f00e3924925e8ce429129c7baf701589dc768248027facefddfce51ac30bc6f9da3531f9142dca36921da01ed6b07d103f71ad58ff15f8bfdd4fb3840966238a465f26289ff00a53936797e5fdcf54be5ff00a4eb53d3ba4535bacea59f0f23f4546389719fa363ac735fb6bfddf67e9154cffd8ac03ec17db712068e2d307f39bed63372a8ca32721e2185c5e6403c49effcb5b787d033c9639b6fa65bf45cd805a78dcd76d63bfa8b9d9fc679d12e23cc104f84387fc4e16ec3938c8698eff97770dae2e241696b8092d76861496fdbf53739dbeeaafdf7cee6b6c33ba3fc1b9e777d2fccdcb1efc2caa6b175b59630bcd67f92f1cd5637e956efdcff0049fe0d6dfc17e33f79270e79c4e5df1cf487b9fd4e1ff38d5e6f9438aa510447a8de9024924b7da6a49249253fffd0e3924925e8ce421bec2c11dcf0b43a0748bf388bb61d9ba1ae3f474f042e9582ccfea66bb9bbeaada5ee1af935aba3b454d6b599591f63c7ae40153bd3d3fad2bcefe21cccb27319652f9e7237fd58fcb187f831f4bbdcaf2e0638cbf462341fbde2e9e2742654edd23711ee31aabf5e3d540df6b8068e49303f158981995536c63e4bf22bd7e9bdd60201daef4dcffdd77d2d8b4fabd8daf10596b77b60bb6c4f6fdd59b21aeb6df8d568e960757e8b75a6ba6e63ace3734cb74fe52e43eb832dc4ea6f8918d9f582e83a12d3bbfabec7a361f55c6bac7d7661d9be8706bdcd6b4eae98f47659bae67b37efad8f5adf59ba7bf2feaddb71ac8b70dadc8a4b843b6b0eeb47fdb3bd4b8e72c592328dc482083d62778c9832404e12eaf9f1d0c24911048f0292f4f8126112772012f32773e6a49249394fffd1e3924925e8ce43b3f545a3f6964ba3fc0b7feac83f9575195d130335edc82cdb734435c3fcd3fe72e63eaa58d6f50b6a3a3ada5db0f9b08b1cdff3372ec31af68d0980bcf7e3d80e1f88e615519d6587965f98ff00e1bee45e8be1d2e3e561d786e27e8d2c7e938982daeaa6b05cd9f4d8dd7681ee76d1f9adddeeb16c7a355d8ec03f4ae832d1ae9e4b33345790e7b3d53592d2d74120967eeee696595f1f4d962acd663b8b77dbed6383987793b5edfa2f9738ee7ffe18f5165ef77ab7446aab475b070b0ec78b18435be1123eed15feab9019d2b3aeb66e6b31ae2e683f480addeddc7e8acaaaf632cf49867dbba6649edb8a9f55ca6d5d13a839e7daec6b5bfda7b7d267f9cfb149cbc44f362811c5c7384387f7b8a5c3c2c79854252db8625f32020007529d3275ea4f28a49249253fffd2e3924925e8ce425c4c9762655394d9269787c0ee07d36ff6d9ec5db537b09d0ee63a0b1c3b83ab0ff9ab856b1ef706b1a5ce26001e2b5fa6655f457e8dba0acc06922434fbbb2e67fe3472d0c98f1e78ca3ee623edce37eb9639fcbff85cff00f4a3a9f09cfc1396296d3f50fef45d7cbe9b45d9563dfb88b0822090200801cd07639aade3f48a83bdd456408d5ad131fdaddb553196e2d059ee8e077d11aaeb390435ada491cf1ac2e4019557676ec0fab76bc1c7c6bcdd8f5b6b6b86d786081a7ef7f2b72cefadd9c2be9acc304efca7827fe2ea87bbff0004f495cfb7d8e6cdd0cf060d4fcd66e5dd5f55bf23a558435b4d2cb6bb624b2f7979976d976cf47d2f519fe8deaefc1847fd23cbcb20b8425c67ce11e284bfc0c9c1269fc472fb7cae43dc08ff008d2f57fcd795491f2f072f0ec15e45646efa0f6fb98f1fbd55adf6bd57041e355e8d19090b89041ea1e6f7161749249392ff00ffd3e22ccbc761da09b5ff00bb58dd1f177d0566aaaf15fad76ec72e1fa2a987f4c7f94fb3fc0b7fb3ea7fc5abb60c7c600b2b6876818c68035f9205a1e58eddad8ffa67c3f901743933f33978865ca4c65fe4e03dbc7fddfde945cd138d0e08f0ff005a5ea935f0ab7540b81e786cc8feb6bf491acbaea81bd9ab9ba969e1c3f3821372e868f4eb0ebac68d434401fdb7ed6aaeecbcc759b8b00ac023d21de7bef3f9dff4156308f0185583a1017c4cf8f8ee88d45e8f4782db326b6d946e878910410b459d33300d5d03e202e53a575218968763d8d151d1d4bbda678fa2ef6eff00f8b5dae33ce56336eaec2e63b4910083f9cc70fa4d72c1e67979e2d4eb03b487e4eef2d9e19456d31bc4fe61a396ec7e9d4baeb9dea3da090c1ac959fd2b29b538e4e5d8dadef9b2d7b8c01bcfd23fbadddb589baed94b6e38d59dce611ebb8ea1a67f9addfc9fa56acacbcca5f43ba7e2bfd40e21f73dbf44069ded6091ef7bac6fd25a1f0bc271c4e690f54c7a2fb74ff19cef8acc6523083e989f591d3f7bfc57b3ace167d0ea6bb2bbeb710e9a2c6ee0f69965d5595173aabea77babb562e6f47ea8cb37582bea7bcff3ae8a2d3f9bbae73bf4567eefa95d9eb7f2173385d36cbaf0da9ae73c39a40ada5ce991afb676aee28b36524e5d671ae802d07da0c7d17b19bbdbedfe4ad280f727c5ae3c83f4f1cb8674e4cc4f958de39f1c247e49c6e3c5fcbf71e7ff0067feb02838f902d22457fa3d8403b5ce6e67a9e9ec638ec733fa47bfe824ba1df8f3f6bf507a24493da7e8b6dff8cdbfa3495af7399ffc513db87f47e4ff00bfff005bf3acfbe1ff00351dbfadfceff2fd07ffd4e5f5f50bdd25fe004ec6f1dbf393176c25af311c83a11fd695b1f56b26bc7b9cea5b736e75369cabdb602cf41a3d7707d0dc5baf654ef4eaaecbaabf7d767fa35d25b83916e6e2db6106f658d6d15b88b5ae3632d7b75c86b9d7fa58f5bb65d67e9767a3fa47fd9ebf47572733c12a31d2aeeda30c1c51bbfc1e00fa45a4b5c351a6aa05817a4b68cbbdcdc81436d6e43b7871fd207071a6a6facf7db5bac654da3d9fa4abd0f46caffc2e3517f0dd59f877657af88e6863c00ea5949a05658d6d5b5ac73ef63bd5dbeafb2e7a761e67dc911c355e3c48c987805db9176231cedcd1a9fa4df1fe537f94aef46ea197d2ec7fa0e9aac691656f3ed6903f477b67e8fa6eff003fe828386884ea85ad32e21a1df44778fde5265c519c240c44b8bf44ed2463cd38c811231e1fd20c722d7dc0b5a4ed7125ef77d2713ab89feb22f4ce9f6dbeda84dd916329a86825cf21958f77b7f9c7a7757ac727b42bd8ad2da5ad0ed8e9dc1c390e07731cdfeab93e30d7e9a76b593cb435dac5f975776a6dbd3b2df8d8c0578d88ff0040d54b89b0de0b6bb72721f43ab7d4c6fbebf5ec7e3facff00d63d2bfd9528750b72aec4beac9f4eebb118dc8639c436ff0040b8557519943776d73722c659feb627cab7a67597bb2ee7e3e166646c39945e5c287d8c1e97db316f616be97bbd4fd255e965fb3f9efdfb4ef7e0748c6baea2eab29d6e2bf0f17169d001639b6becb2e365cfb7f49eef7fa7e9ff0083fe7bf454a238786e2465063628fcc3e6f5ff005bf79bd294278cd1062438433c7d90fe969fa40efda36c6bedf4ff00f304957fb03bed1eafa4efb213eb7a535c48ff0007ebeef4f6fbbf7d25a367b787fe84e4f063deff00afbc7fbbc0ff00ffd5e41b55bb76bc0da3513ac7c14fe80f3f141c5c8f5686bb870f6b8798d149c67bad98c8100868ca26c84955cfaec1631ce639bab5cc71690410416169f6fb939284d3a9f82230c8f8292242c9034a2426ae363bfac522999fcd927bb8a24ac0138682e07b778d4a1646764536beaaaa0e680ddae0093246ee434b13ee823768235015b0039800d010890642a32303dc22c44dca22636e12e70ea19a647a2e2099da43e3fcd86a66e76635dbbd2736093a35ddfc25bb7e8ab76557320b0eef183054f1b2afaad9738c0e47623ba8658a7d724bec0ca32c2bd38e3e56d3fdaa676ec7ff005779e7fcdddfd9496fce3fa7ebee1b3c6358fdc491f6b2ff009ef1f946cc7efe2ff31e1f37e93fffd6e130bf9a3fd677e52ac8e47c973892d3c5f286b4fe62f4bdd3b3bae652534588ecf51dc20dbf45bfdbfcab9d49373ff372561f9e2f58ff00f07fd40ac53fccb7e0b8b494f8fa7930e5dbeaf6cefa2557b3e8fcd7229239364627ab1fcc1feb0fc8e4972892afd3f97ef363afd7fee5ffd9003842494d042100000000005700000001010000000f00410064006f00620065002000500068006f0074006f00730068006f00700000001400410064006f00620065002000500068006f0074006f00730068006f00700020003200300032003000000001003842494d04060000000000070004000000010100ffe11230687474703a2f2f6e732e61646f62652e636f6d2f7861702f312e302f003c3f787061636b657420626567696e3d22efbbbf222069643d2257354d304d7043656869487a7265537a4e54637a6b633964223f3e203c783a786d706d65746120786d6c6e733a783d2261646f62653a6e733a6d6574612f2220783a786d70746b3d2241646f626520584d5020436f726520362e302d633030322037392e3136343436302c20323032302f30352f31322d31363a30343a31372020202020202020223e203c7264663a52444620786d6c6e733a7264663d22687474703a2f2f7777772e77332e6f72672f313939392f30322f32322d7264662d73796e7461782d6e7323223e203c7264663a4465736372697074696f6e207264663a61626f75743d222220786d6c6e733a786d703d22687474703a2f2f6e732e61646f62652e636f6d2f7861702f312e302f2220786d6c6e733a64633d22687474703a2f2f7075726c2e6f72672f64632f656c656d656e74732f312e312f2220786d6c6e733a786d704d4d3d22687474703a2f2f6e732e61646f62652e636f6d2f7861702f312e302f6d6d2f2220786d6c6e733a73744576743d22687474703a2f2f6e732e61646f62652e636f6d2f7861702f312e302f73547970652f5265736f757263654576656e74232220786d6c6e733a73745265663d22687474703a2f2f6e732e61646f62652e636f6d2f7861702f312e302f73547970652f5265736f75726365526566232220786d6c6e733a70686f746f73686f703d22687474703a2f2f6e732e61646f62652e636f6d2f70686f746f73686f702f312e302f2220786d703a43726561746f72546f6f6c3d2241646f62652050686f746f73686f702032312e32202857696e646f7773292220786d703a437265617465446174653d22323032332d30392d30325432313a30383a35342b30373a30302220786d703a4d65746164617461446174653d22323032332d30392d30325432313a31303a30362b30373a30302220786d703a4d6f64696679446174653d22323032332d30392d30325432313a31303a30362b30373a3030222064633a666f726d61743d22696d6167652f6a7065672220786d704d4d3a496e7374616e636549443d22786d702e6969643a61633061363232372d373435312d626334312d623034332d3735333837666163303665662220786d704d4d3a446f63756d656e7449443d2261646f62653a646f6369643a70686f746f73686f703a62306234626438322d373663662d623234342d383864352d6331316638363061616637632220786d704d4d3a4f726967696e616c446f63756d656e7449443d22786d702e6469643a32653362343836322d353137662d633434642d396638392d646664373364383939326236222070686f746f73686f703a436f6c6f724d6f64653d2233223e203c786d704d4d3a486973746f72793e203c7264663a5365713e203c7264663a6c692073744576743a616374696f6e3d2263726561746564222073744576743a696e7374616e636549443d22786d702e6969643a32653362343836322d353137662d633434642d396638392d646664373364383939326236222073744576743a7768656e3d22323032332d30392d30325432313a30383a35342b30373a3030222073744576743a736f6674776172654167656e743d2241646f62652050686f746f73686f702032312e32202857696e646f777329222f3e203c7264663a6c692073744576743a616374696f6e3d227361766564222073744576743a696e7374616e636549443d22786d702e6969643a34363562376338342d373631622d336134362d393065362d326230643734633163656632222073744576743a7768656e3d22323032332d30392d30325432313a30393a32372b30373a3030222073744576743a736f6674776172654167656e743d2241646f62652050686f746f73686f702032312e32202857696e646f777329222073744576743a6368616e6765643d222f222f3e203c7264663a6c692073744576743a616374696f6e3d227361766564222073744576743a696e7374616e636549443d22786d702e6969643a38343033323430302d313632302d303934392d613538622d626534616564626432633365222073744576743a7768656e3d22323032332d30392d30325432313a31303a30362b30373a3030222073744576743a736f6674776172654167656e743d2241646f62652050686f746f73686f702032312e32202857696e646f777329222073744576743a6368616e6765643d222f222f3e203c7264663a6c692073744576743a616374696f6e3d22636f6e766572746564222073744576743a706172616d65746572733d2266726f6d206170706c69636174696f6e2f766e642e61646f62652e70686f746f73686f7020746f20696d6167652f6a706567222f3e203c7264663a6c692073744576743a616374696f6e3d2264657269766564222073744576743a706172616d65746572733d22636f6e7665727465642066726f6d206170706c69636174696f6e2f766e642e61646f62652e70686f746f73686f7020746f20696d6167652f6a706567222f3e203c7264663a6c692073744576743a616374696f6e3d227361766564222073744576743a696e7374616e636549443d22786d702e6969643a61633061363232372d373435312d626334312d623034332d373533383766616330366566222073744576743a7768656e3d22323032332d30392d30325432313a31303a30362b30373a3030222073744576743a736f6674776172654167656e743d2241646f62652050686f746f73686f702032312e32202857696e646f777329222073744576743a6368616e6765643d222f222f3e203c2f7264663a5365713e203c2f786d704d4d3a486973746f72793e203c786d704d4d3a4465726976656446726f6d2073745265663a696e7374616e636549443d22786d702e6969643a38343033323430302d313632302d303934392d613538622d626534616564626432633365222073745265663a646f63756d656e7449443d22786d702e6469643a32653362343836322d353137662d633434642d396638392d646664373364383939326236222073745265663a6f726967696e616c446f63756d656e7449443d22786d702e6469643a32653362343836322d353137662d633434642d396638392d646664373364383939326236222f3e203c70686f746f73686f703a446f63756d656e74416e636573746f72733e203c7264663a4261673e203c7264663a6c693e44414432333539444134443142384246373436353239373741423641354445323c2f7264663a6c693e203c7264663a6c693e61646f62653a646f6369643a70686f746f73686f703a30626637356637652d636635392d366334332d393266382d6231306462396433656338343c2f7264663a6c693e203c2f7264663a4261673e203c2f70686f746f73686f703a446f63756d656e74416e636573746f72733e203c2f7264663a4465736372697074696f6e3e203c2f7264663a5244463e203c2f783a786d706d6574613e2020202020202020202020202020202020202020202020202020202020202020202020202020202020202020202020202020202020202020202020202020202020202020202020202020202020202020202020202020202020202020202020202020202020202020202020202020202020202020202020202020202020202020202020202020202020202020202020202020202020202020202020202020202020202020202020202020202020202020202020202020202020202020202020202020202020202020202020202020202020202020202020202020202020202020202020202020202020202020202020202020202020202020202020202020202020202020202020202020202020202020202020202020202020202020202020202020202020202020202020202020202020202020202020202020202020202020202020202020202020202020202020202020202020202020202020202020202020202020202020202020202020202020202020202020202020202020202020202020202020202020202020202020202020202020202020202020202020202020202020202020202020202020202020202020202020202020202020202020202020202020202020202020202020202020202020202020202020202020202020202020202020202020202020202020202020202020202020202020202020202020202020202020202020202020202020202020202020202020202020202020202020202020202020202020202020202020202020202020202020202020202020202020202020202020202020202020202020202020202020202020202020202020202020202020202020202020202020202020202020202020202020202020202020202020202020202020202020202020202020202020202020202020202020202020202020202020202020202020202020202020202020202020202020202020202020202020202020202020202020202020202020202020202020202020202020202020202020202020202020202020202020202020202020202020202020202020202020202020202020202020202020202020202020202020202020202020202020202020202020202020202020202020202020202020202020202020202020202020202020202020202020202020202020202020202020202020202020202020202020202020202020202020202020202020202020202020202020202020202020202020202020202020202020202020202020202020202020202020202020202020202020202020202020202020202020202020202020202020202020202020202020202020202020202020202020202020202020202020202020202020202020202020202020202020202020202020202020202020202020202020202020202020202020202020202020202020202020202020202020202020202020202020202020202020202020202020202020202020202020202020202020202020202020202020202020202020202020202020202020202020202020202020202020202020202020202020202020202020202020202020202020202020202020202020202020202020202020202020202020202020202020202020202020202020202020202020202020202020202020202020202020202020202020202020202020202020202020202020202020202020202020202020202020202020202020202020202020202020202020202020202020202020202020202020202020202020202020202020202020202020202020202020202020202020202020202020202020202020202020202020202020202020202020202020202020202020202020202020202020202020202020202020202020202020202020202020202020202020202020202020202020202020202020202020202020202020202020202020202020202020202020202020202020202020202020202020202020202020202020202020202020202020202020202020202020202020202020202020202020202020202020202020202020202020202020202020202020202020202020202020202020202020202020202020202020202020202020202020202020202020202020202020202020202020202020202020202020202020202020202020202020202020202020202020202020202020202020202020202020202020202020202020202020202020202020202020202020202020202020202020202020202020202020202020202020202020202020202020202020202020202020202020202020202020202020202020202020202020202020202020202020202020202020202020202020202020202020202020202020202020202020202020202020202020202020202020202020202020202020202020202020202020202020202020202020202020202020202020202020202020202020202020202020202020202020202020202020202020202020202020202020202020202020202020202020202020202020202020202020202020202020202020202020202020202020202020202020202020202020202020202020202020202020202020202020202020202020202020202020202020202020202020202020202020202020202020202020202020202020202020202020202020202020202020202020202020202020202020202020202020202020202020202020202020202020202020202020202020202020202020202020202020202020202020202020202020202020202020202020202020202020202020202020202020202020202020202020202020202020202020202020202020203c3f787061636b657420656e643d2277223f3effee000e41646f626500640000000001ffdb0084000604040405040605050609060506090b080606080b0c0a0a0b0a0a0c100c0c0c0c0c0c100c0c0c0c0c0c0c0c0c0c0c0c0c0c0c0c0c0c0c0c0c0c0c0c0c0c0c0c010707070d0c0d18101018140e0e0e14140e0e0e0e14110c0c0c0c0c11110c0c0c0c0c0c110c0c0c0c0c0c0c0c0c0c0c0c0c0c0c0c0c0c0c0c0c0c0c0c0c0c0c0cffc000110801d8016203011100021101031101ffdd0004002dffc401a20000000701010101010000000000000000040503020601000708090a0b0100020203010101010100000000000000010002030405060708090a0b1000020103030204020607030402060273010203110400052112314151061361227181143291a10715b14223c152d1e1331662f0247282f12543345392a2b26373c235442793a3b33617546474c3d2e2082683090a181984944546a4b456d355281af2e3f3c4d4e4f465758595a5b5c5d5e5f566768696a6b6c6d6e6f637475767778797a7b7c7d7e7f738485868788898a8b8c8d8e8f82939495969798999a9b9c9d9e9f92a3a4a5a6a7a8a9aaabacadaeafa110002020102030505040506040803036d0100021103042112314105511361220671819132a1b1f014c1d1e1234215526272f1332434438216925325a263b2c20773d235e2448317549308090a18192636451a2764745537f2a3b3c32829d3e3f38494a4b4c4d4e4f465758595a5b5c5d5e5f5465666768696a6b6c6d6e6f6475767778797a7b7c7d7e7f738485868788898a8b8c8d8e8f839495969798999a9b9c9d9e9f92a3a4a5a6a7a8a9aaabacadaeafaffda000c03010002110311003f00e399f40708795e22ec7842f11763c21788bb1e10bc45d8f085e22ec7842f11763c21788bb1e10bc45d8f085e22ec7842f11763c21788bb1e10bc45d8f085e22ec7842f11763c21788bb1e10bc45d8f085e22ec7842f11763c21788bb1e10bc45d8f085e22ec7842f11763c21788bb1e10bc45d8f085e22ec7842f11763c21788bb1e10bc45d8f085e22ec7842f11763c21788bb1e10bc45d8f085e22ec7842f11763c21788bb1e10bc45d8f085e22ec7842f11763c21788bb1e10bc45d8f085e22ec7842f11763c21788bb1e10bc45d8f085e22fffd0e399f40bca3b15762aec55d8abb15762aec55d8abb15762aec55d8abb15762aec55d8abb15455be9b7b71035c24616d93eddc4acb1443e6ee547dd9acd6f6c6974a6b2e48c25fccfab27fa48b7e3d3ce7f4864fa2fe56ebfa94493c93db58db4a018a499cbb383dd638f9494f02cab9ce66f6e34f195431e4c91fe77a60e5c7b3255b9015ee3f2a7531782cec6fa3bf9d416b8290cb1c50ad680c92bfc0390f8a9957fa3bc5fea593fd3419ff261fe70446a7f93da9d95b734d5ad2eae883c2ce249b9b3015080f123937ec7f36598bdbad39954b1e4847f9de99ffb144bb3255b10921fcb6f3d84f53f434cc9b558347b13db761bfb66e317b51d9f3ff2a23fd78ce1fef5c73a0ca3a206f7ca3e64b14e779626dd7afef24854d3fd5e75ef967fa24ecfff005687dbfa98fe4b2ff34a545482a2a096fb2010d5de9fb24f7197e1edbd1e4171cb8ffd370ffbb612d3641fc326995918ab02ac3b1d8e67e2cf0c82e128cc7f40f1354a04730d65ac5d8abb15762aec55d8abb15762aec55d8abb15762aec55d8abb15762aec55d8abb157fffd1e399f40bca3b15762aec55d8abb15762aec55d8abb15762aec55d8abb15762aab15adc4b2fa31a1335037a7d1b8b0a86a1fd93fcd9a3d77b47a3d2cb8273b98fe0c63c4ff8eb958b479262c04c2cf4549ef45abcecee29ca3b589e79096fb2aa3e11c9bb72ce7f51edc6317e16394bf9b2c928c3fd8c789cb87661fe229fd9f94202b0dddfbdbe9b64ecd6ecadca498b2ee78804fab311bedc635ce5355ed16bb3137925007f871563ff008fff00b273a1a3c71e8cf3cbfe58f2d35d457a9a636a772e14c1a8eb611dd22829ea496d64a7d185215fe6fb5febe692c9249dc9720329d675075d3ccf6f756b6df594335c5c9748e5319a85f58a8e5c5100e4b17c5cbf731fed614b176d7eeeeadc417bacb25a2c8257ba99058c3e9853c2de0b760645e44f26e5f172f899b0145367cc7a2a58a69f617e2d95ea679e46966bc9589ddb946aceedeff6787144c0c8312f326a56f6f56967b86b863454681ed38a0e955948635ebc9710a5855f6a1e5b31fefed5ef6e189653238088c3a54d0b3530d2da5b2dc599467b68047ea57f7428481ed4c3c290690905dc48d5003c86942c09029e35f1cb30e59e29714252c72fe740f0319c44b622d552f19a4f8e8c5cd6a005500f7db3a8ec9f6ab369cd6632cf8cff00cac87fc5385a8d0467f4fa6489656562ac2846d9e83d9ddb3a6d58fdd4ae43f825e9c9fe97fe25d3e6d34f1fd41acda343b15762aec55d8abb15762aec55d8abb15762aec55d8abb15762aec55d8abffd2e399f40bca3b15762aec55d8abb15762aec55d8abb15762aec55d8ab6aaccc1541666d9540a927e432339888b268048169ddb69c967093716eb35e35196392bc625350035362cde1fb39e67ed1fb472cd318f4d39c71c3fbc9c3d3e2ff009df570c7fdf3bad1e8f845cc7a917636e97379f52819aeb53bb025676603e1268f2cee77589155b8443f678ae718ec5936a5e6783cbba1c3a16951b1bc9dcbea770c145c4664a0a02b5e323c7c558f2f817f75fcd8aad6bc8f4ed544f32a5e4b08122adcff00bccac57e1db61fbb5c5501ab7e66cec04575722e58712f0dba0433488098bd697e102185c891218c71697ede34a031abff0036799ae1e39cb0819916417654070aff006190b6c2a3eced8a509fa56dda5f5ee8b5c4d5fefa462e6be356c50be3f3bdf41198eca57b7e5b492c2c62278f4e2cbf174c04254ee3ce3af4df0fa3652934e02784dcbd0762f3967e4ded884a06e75dd424565b9d36cd19e8ad2469e88001ecaa48c2840c8b6efc0b0e324b468541e242b578904777f0ff00571b480ad2e9978001320a81cbd4565240a6cad434e5edf6b05a690cebe8c7f17c5274afecd3b50e1b5a4df4896dc994dc323c975e9c75607e16660bcbdb8fed365b833cf0e48e481e19e33c5197e3f864c250120627916994ab153d41cf70d06b23a9c31cb1e538ff00d24f2f9b19848c4f45b998d6ec55d8abb15762aec55d8abb15762aec55d8abb15762aec55d8abb157fffd3e399f40bca3b15762aec55d8abb15762aec55d8abb15762aec5556dede7b99961850bc8dd00edee7c00cc7d5eaf1e9f19c990f0c23f8ff004ccf1e394cd0e6c8e2834cd2b8ac8165688869eed073669002c2387c107d9e5fb59e4ddb3ed0e6d6c8c624e3d3ff00a9ff003ffa593f1c2f41a6d24718be734baeb59bbba4faccac9155b8ac689c5233c79715f61d37fdace7e9cb2142db52b8b5d324b882430c9704a4c6839945a144a9fe77abff00b0c50a5a74d6b1dafad2308e50c5e42589a8e88075debccff95cb155ba8ea5797f225ac4b2491a108cc0d79391c8a257f969f162a842b61059bc9c84f39956243b90db177620fec2d02aff0033e1543dcdcdc5c5cb4d3b35cdc48c1fe2344e5400103a0000181544db3cb252498725239201551e26a314d26565e5bb6724cb74ce295e303c6ac4f6a2bef43e391b488045c5e599d492cb7b247d96ca259e653d41e0dc3e1f1df07132304349a489eee3b2fac4a85d82c8b7907a52a45fb478a970c47eca7dae586d890cd63d73cbfa3dabb9d3a2bbd5af23586d2c178b0b7b283e12cef4349a66e5156bfba5f524fb7c7222db4d241ae799b49912491f42b5bbbde4df57b6b3696d74ab5141b1504dcdfcad4f8a492444e584736bb34c59b506bb611cf6f0db393f0ac2ac8a0f6d98b6df4e480555b596184ba4d12c848f8395451bc453db6c282985adb5cdd0ac4a6663bf18eae5475f8a833a1ec1f6865a126321c7825fc3fc509ff3a1fefa2e1eab46336e36929bab231561461d467abe8f550d4628e587d13fa5e7f263309189e616e64b0762aec55d8abb15762aec55d8abb15762aec55d8abb15762aec55ffd4e399f40bca3b15762aec55d8abb15762aec55d8abb15762ab951dd82202cec68140a9272bcb96308994888c47f149946249a0c8d271a7d8b585b028d2252f6561f1190fdbe0dfefb41c625ff002bd5fe6cf1aedeed696b73997f9287a70ff53fd53faf37a3d2e9c638d7f17f124b753bb3b47cbd35402839578a1db90f7db7cd30728a0e612cac606668e0847208471aedd48fe76c9843571e883c1e46320df80dc000537f027c31437f05047182926ccf5eaaa7a57b0c6d54ee7508eda6758048cc808b7624028ec28f231df957e251c7f9b22a83e124cb0fabf0431b131c3d1d8375a11d3a61b4da258c2c9f1d10a1a2db464d3857a733bf25c894b7ebb7a616dd563b7028109dcff16ff2ab8d26dd05add952c2e5e089cf23f56a8e5f49df0712d2bcb0ccc80c9797336df1473a90580e815c31e4bf3182d242b5841341fbf86913bd781414a0e8cc2bdf16202ab5a49713155fdc33a8577e9f0a0a220a7ec8c41654a17ba55cc7592120d00341bf26ef41e38f12f0a13ea92cc812484f2a57928dcefe192b470974f6e61905bb9e132ad4f2edec4fcb1050575acf35a4e1d5de0907d92858303dba5302423eee7378cd745fd494d04e4f5e54a03fc33d0fd8ced6b1f959738f164c52fe8ff1e3ff0075374dda7a7ff2810b9e80ea1d8abb15762aec55d8abb15762aec55d8abb15762aec55d8abb157ffd5e399f40bca3b15762aec55d8abb15762aec55d8abb15762a9f69d2dbd8d8c2e232d793bd59bb85fb2814ff00c31ff2b3c6bda0ed7cbabcd28c8feeb1ce51c78ffabe9e297f3e4f47a4d3c71c41fe2295dfdc954918b12cd2ecb5a9343c5478f1ad5b8e68dca4b9aabc92bc99bed0fda919b6a7c94570d2aa5c6a77934f7124722497b27f7c54512a00f87d80a0c215c4451067625d6a5a3ec06dff0012c16aa0f34c22f854c3c8d4aa92db7606bb9f7c0ab2311852d247c29bb4bc8bb11d9057e1518a4364a8620122bfb23b7b62a1c91b5050051d4d37ff003ae04a26cece4965fdd445d80dcf80af4c0641908929f5b68f7cc95e1b569b1a9ca4e40df1c32ee47c1a42c479cb0f23fefc6f880a76a0f1c89c83bd90c07aa2acb47591118a811924ad3dcf7cace5aeadd1c0135b6d04296908e9b8a8a8e472073b2f002bb6850b5491476e9c06f4383c66430ad4f2841c0384250d42b8f1aeea723e3966300a55bdf2459ead6a86650b2ac622246cc0afc21abe2cb4cb867a68380179e6b5e5fd4f45985bdec6668812b05dd08ad0f663b06e3fb0dfec73221904838993118a0a2b62f208a2a99fc1b6520f6aff003666e8f573d3e58e587d703f8e271f2e3138989e45d3432c32b452a94917aa9db3dbf43ac86a70c72c3e998fc45e5b2e2309189e8b332dadd8abb15762aec55d8abb15762aec55d8abb15762aec55d8abfffd6e399f40bca3b15762aec55d8abb15762aec55d8abb157004ba28152ec147d39a7edced3fc9e98e41bcfe8c7197faa4bfe27ea7274983c5988f445dd4c5675e26891b2aaf1fb408dc1073c5a73329191dcc8f13d2f08029097f2b3cd24db48cdf6396c58b77db1414b6495c011415f5dc7c520db8d77207cf08554b48d615e23651bc8c3766f1dfdf0b2a5af34923d507c04800f5d8645559aa78191aa56a7d38ebb0f13fd314abad9dcbd38fc41b7e23b0f7f7c892a224aac3a7153c4b10c0d3c46fe34eb838990c651d068ee8c497e23edc941d40feb959cade301651a568c218958a7ef0fc447715e998f3cae662c349edad89f50d00e4295a76198d39392209ac3630f00b4f8493504753ef941933e144269968695856a0d771fd307194d04ca1b1b50085882f8d3c7db23c4514895b08b6755e257aa7b60e228565b441b2a8a30dc53afbe282b45885928f408dba11d9bc32d136054b5bd020d4b4b96d27804a5be2a8e878f4dbdbc72fc73adda671b14f21d77cad77a325d4f186e368aae91b6ebc256585e6e43ab45cc315fe5cd84676ebb26320a7de58d1b49f30683f57d4d3d2b881ab1dd480bac11b171eabba1e6d6ece9c26e3f15ab7093870e59b3d0f6a6a74a6f0ccc2ff0087f825fd68b899b04320f50619e61f2cde68d76d6f255caa877514628adf65b92d52489c7f773a7c127f93f673d4bb13da3c5ad1c27f75987f93fe7ff4b17fc4fd4e8b53a238f71bc526ce8dc2762aec55d8abb15762aec55d8abb15762aec55d8abb157ffd7e399f40bca3b15762aec55d8abb15762aec55d8abb142e52aacac773bf1f0ae79d7b7397d78a17fc339f0ffa58ff00c5bbaeca8ed22a734e636f4c9ad5b92ba8a9069b83e346ce0ddb141dcdcc8c453703ed31f9fb74ff00270808a43af773b16fbfe5f4e250d290a1a84d4ef4ed4c0c91305bb49c58ec84d41df71f460e2640322d3f498e48b948b42c3e161d695d8e533c8df8f05ee510235b52d15dc3253f6648c72571d9b6fd590e2b6d18f851b0412c8163b7d3e4999abfbf92914483f989ebfec57e2c84a55d5b631b3b04f74cd1d2261cd8cf237c4e0eebbfec8af87be63cb2db951804f21b21f6cd37e82a6b9419b688a3a3b7f87e103976ed9592ce9150c3d790a9fe5c8da69191a5577fb8e44a0a3628457734f6ef9105051a22622a054781eb93018398842169d727484c60b112a7c4366193116b255e3d356a4f2a3528a3b7be4c6cc58779cb480805c52acfca3503ec8e437e43c08db2dc73dda7263b0f2fbe9934a960bb839c52c72a4b388c1f4c48bc82c883a729119a3bb46fddcb99d1938528865325e797759d0ed6e4db7148e39ade5822ad3983c9a28b8fc611b9193d2ff75c9f67e17cbf164963989c4d4e078e3fd68b8d280360f2796eb5630596a12416f2fad0515a290d092ac2a2a46d9ecdecff0069cb5ba6192600989184b87e9f4d7abfd93cdeaf08c73a1c9039bb719d8abb15762aec55d8abb15762aec55d8abb15762aff00ffd0e399f40bca3b15762aec55d8abb15762aec55d8ab7f4d3dce636b3551d3e196597d38e3c6cf1e3339088fe25105dcf21535345ec283b8cf15ed3ed09eb331cb3feac63fccc7fc30ff64f4f8308c71e108599f93b48c4826bc021afc5ef5cc16d42cb2050140abf4dfa16e95fa061082b657a3f153cc0fdae9c8d3a8ae2540475869c6650ee28ad43df75ed5c8193608129f69f628d28622912fc31a7891df299cb6722106476e8ca8b550074a7b0f1cc625cd88d93282ce5ec38d37fbfc0e5666036c628d82c4934e2d5ad5a876c84a6d82299c16f4dbb0db8d37a76ca096549825b32a0dbae409651561102013503a81812ae909e4bb7cc0ef8daa616f6bb71624d37a644a94c20b65ad4d318862535b781550bf6e94cba2d7255fd1f133062a397615f1c2189298416bc41a6c17ae58d44ae70c000c09db6e9bfcb02431af33c1f58815581088fc980a6e00a6374ceade25e67b536f34b1a921493c14ee0a8de8733f14ac5bafcd1a292683a9436af76d1ced0ccaa92c454d53d75700900ff00346732438b2087f3029bbb87be5e3c8ed32a8e2b5dcf251e073bbf647b6a188fe5a7e9f127c58e7fd397a7c397fa5f4ba8ed1d3197ac7f9c92e7a4ba4762aec55d8abb15762aec55d8abb15762aec55d8abfffd1e399f40bca3b15762aec55d8abb15762aec55d8aa94e4968d01a6e18efd699c37b6fad943143083fde9329ff00531f0ffbf97fb076bd978819197f354e599d43bf2abafc54ef51d07e39e6cee92f9a6a91100289bb1a6f5f9e15a502ccb225372ea5803bd3deb8a955b20ad7201fb3efbfd180a8e6caadadd5154a56ac282a7f5e5066e5c62190e99a7822a40f7f6f6cc7c9272b14190d8e8fc88938edbd075cc6391ca106416ba33115036f7e832a949b4044ae8ea1b6040afc591b4d261069495dc827f9bdbdf02695bea243150a401d09ee3bd3234542d16ad1351d4bd4fc2474a789c694a2e385081c969f2c34a898d38907a8c14a8a8c8a7b62108b8641c40ae4c16b9046c170b1efc81a9fd59201ae41308e7b796a39866a7c245363df6f1cb5a88592ee36d87864594526d6227747a8a201db036078bfe64db18a712c6a149152a2bbd294fa73274d3dc871b570e45e6d2bab4cdfe50af80199e1d7908e1741ecb89a370632529563f051b7f0dba7f36104b54825b2aa87aa1e51b00d1b78a9dc1cf6cec2ed1fcde961327d75c197fe1b1fabfe29e675787c3c8474fe1599b8719d8abb15762aec55d8abb15762aec55d8abb157fffd2e399f40bca3b15762aec55d8abb15762aec55d809a0a05b52a08c2b100c8e3607b2f5ae78cf6ff006a8d6e7e302a101e1e3fea5fd7fe7713d2e934fe1428f3297b49e9fc2074153dfbf7cd2b9481e8d5ad79773e27be2958c49652367a7100753f4620a134d12c4dd5d158c959075a0de9ed909ca836628711d9e87a5680022ab31666e94ea00f1cc2391d9c30d0659a66931ac8405a71039803c331a5225c9886496f689185a0000e8a329a6c4c228d42d477dfe9c895b57454e40fe18a514211d0003db24ad953d0f6c55694dfdfa604dbb8d3b6f8adade6bb9ec3ab6029a58f776f0d048fb52bf46088b425f7be6bb0b652e654443b02cc2bb782f53960c65848d202d3ceab73c9a06e50529c877fe39778669a7c40532b3f3427d69538d03ec5fa508dc13e2b89040515d1975aea70dca908f561b107a861d4532bb4f0ae7659055f6f0a9a0c0af3afcc4d14c96d50bf09a95622bd76c38e5524ca2241e15a840f6f7255b63c88a9e869db36d196cea2628b50f28a66961f856a1d41dc06077cb1a886e7a1b58b8914467558e9f6431ad2bf7d0677dec2e63c5961fc3e99fdf1ff0089ff004ae9bb563f494367a2ba6762aec55d8abb15762aec55d8abb15762aec55fffd3e399f40bca3b15762aec55d8abb15762aec557c4819a9ec7a7881b6687da6d44b16872189e194aa1fe9e5ff13c4e5e86025940284bf9c35c322921536dff009401e1e273c71e952eb972555546c76f9e28504f50bd07c5b7d938a530b2d26e2e0a491024311f177041eff7e40e4039b64314a5c9e9de54f2c08d55e541ea549e74ecc299839b2dbb3c3878472661143696dca476548d77673b0af40331816fa571a959427e295503ecaff8e34520a3a0d52cf805132726dc21d88ff6f20625363bd1706a36ac0afaabbed4ae44c4b2042245cc4b421c711d0d7053208b86e148e34f88f41ed842aa97047813e3855ae62b56e94dce2a439d96877a9a6c7b64495633aceade93b3248555457e1a9e9dbd89c88ddb2b6621aa5eebd7616386028652583b921788debed4cc9e0886995f4498795ee4ca642c1ee8d419f81278f5a00dd2b970cc038f2c24f3554d02f91c4b5227a7d91527aeedcfeca83fc99647344b4f83209ed8bddc51a46f28f8482a858170cbbd46532a2dd114c834dd6a79252ca0b32d03a2d0354f7a9fd9cab8406de6cb74bbfb890299db92fed86eaa7a0afcf204eea42fd7ad92eacde33d8d2bf315077ed909a71bc1bcf5e5f96da577e3f0862c48ed5fd799fa6c9d0b89a9c06b8830db4acc955a96a1a576a53704e67075a5b598d648c8d9d84cb4ff002969faf3b7f61f2019e71eb287fbe751da82e00f9bb3d35d1bb15762aec55d8abb15762aec55d8abb15762afffd4e399f40bca3b15762aec55d8abb15762aec555217e0fc80a900d2bec2bfc3388f6e72ff83e387f3b2717fcab8cbfeaa3b3ecb8fac9ee094486af239ddd8935ef4eb9e6aef4a1de32d2a91400f8d4509f9605641a679527b9e243afc6030009da9e27289ea384b958b4867bdb3fd074386dadd508dd4f1527be6064cbc46ddae2c2202993fac96d0f1897d4b87da3893af23fe7f16556ce98fea66e9a50dcd5e65fb2c82b1230f15df99f0cbb1b09319ba9f51763ce491c57fbc407ed8ea2bfcdf2cca8c4387232508f489273ea7d62e6190d49762d5f8bbed5ad325c41851b4641a77992de5ac3744c74a4801e69229f156dc3642538f56e11974647a5bea7146acd31946dcd1ebc94d7a8ae62e423a3938efab37d3b5497d15e6687a107aed98e5b80b4e61955c0a11522b4f6c414d2a0a9af877c2850b866f4da8680ec7c7e8cae4ca2914e07262c9f156a49deb9164502fc998f1d8536af80ed9606b5e9e89f027dcf7c986251691432fc2e6ab4a103b61258299d16c9cd5451bb002847cf20265341111e9d2228e07e15dc62669a09d69f35ca3282fc280ee4024d7c70712909eb224f67c5dc3a814f0a0eb80962c2bcebe5d173a65c305f8829a53aee3a64b1ccc64133dc53e7ab4e76f3dcc121e451982b0ebf33fab378393a1946890ae25ff44111009e4687c00a1dbefcedbd8ad0f1e7967bfee87070ff003bc5bff72ea3b532d4447f9ca59e9ce8dd8abb15762aec55d8abb15762aec55d8abb157fffd5e399f40bca3b15762aec55d8abb15762aec55a73415a548df6f953380f6ea248c5ff00253fde3b7ecae72f825b30f4c93d4d77277aefd8e79ebb92a7670896e78ee7953977aef80a62377ad681631c769192b42546de3b0cd56695977da68d4535ba90c11718d19cee7607a01fc731c6ee41295db3ea32d6e183c57122d1229194045e86a47d962b97d8a69dd50e9f7975fbb77f4453745208343d390c0254a6369d69ba359a49fba4dc01c91c6ddbe2c12c84b08c13292ca0a6ca2a3a12057db7caad9d20248d40a345d4f6184496949a18c72208627634ea064ad211369308c0a934ec08fd595483209fd95d82abbec7723b123221b13489d1d4329e9d299260e985548ff6b6c84990486f651ea705fb5803248f51bff48322388f8eee7dba532f845a8ec84d3f547965a42abc69fdecb5dcfb20ec32d30d9a8c93f866bfe348eea2ad69bc6a3afc8e4384f72890452dc6aaa68d04174a3abc24c6fedf0b555b215e4cc232d2f6d6714889561b344e38b83eea72063dca98c3c46e48fa707254c6de6e257700d6941dc78621088bab64b8b778cec0a91b76a8c2b6f983ce9a749a479bafa02a433d2442050357db36da795c03a9d4c6a652b20705a772c09f953f567a77b087d19479e3ff007ef39dae378fb8accef9d3bb15762aec55d8abb15762aec55d8abb15762aff00ffd6e399f40bca3b15762aec55d8abb15762aec556c857810c68a4107bf5ce4fdb2d3789a3e21fe4a719ff009bfddffbfe2ff35d87664eb257f3870a5f7217d215db8f5edbf8e794dbd0237cb30a4da8aa800f427213341bf4f1b93d7acad78c3093b2f1145fd55cd44e5bbbe846822aed2e02d0007bd3dbb0cac33430b75600b205aeed4f1237c9db1558f8820246081d48d8ede38a2912353b4b6251a479a61bfa1080efb9dbe588896b251497977709cc5b450c7d84ee5a4dbc5536fc71e163697de5ec9cc83e9313d02120d47cc9c2207b93c43bd0516a31b49c3f6c750680fca993e14716f48aa01478dcefbd0f8f7ca096d884df4ab894f114a9ad2bfc321d5b40d9945a4754ad3a924e1886b2eba078350536af5df2326516237b204b86676de9f75322d85836b535e9bd584233cd20e6b00dcf13b8634fc3361846ce1e42c7fcd3279b344b8b58aa9035d5bb5cc6c4723f0b71e3bf4fd9df3270d1da9c4cd223aa552eada8b4f0b699ae5dde235babde7af08b6f4ae77e71a2f272f1a8fb32e6408f78708cfb897a32e89e7ad2bcb769ad45a9ab47710473cb697d40cbea2f30011dc7fbef30b24c19500ecf0476e7bb7a5f9ef5e90c6d7da504908fef3a103c169f8640e38321295b3dd12f66bee0cd194e5b952371f3cc3c956dccaad60092c6262143ed193d091d40f7df220294c844bd48e2c7765ede02992a62f0afcfbd1e4b6d734dd4154049e1785dbb96521857fd8e66e88d5870b571ba2f3970a2ce1207c4e589f6e341b0fa73d43d85c66f2cafd3e88ff9deaff73fef9e5bb5c8f4850cf4474aec55d8abb15762aec55d8abb15762aec55d8abffd7e399f40bca3b15762aec55d8abb15762aec55a704a353634d8e6afb6f0cb2e8f24622e460787fcdf5391a4970e489f34beec965723e10d5a1fe39e201ea2990fe5fdb99ee1b70007147a52a06f4ca3512a0e76886ef624b447816a7a8dc01f766a5dd45635bf1f841a1ee7f0ae29297dd9f4d4d7c7af438db1a631aceb490a91eafa4056b2b3500edd32fc62cb564924765ad6a57f27d5744809323713331e249fe666f0cca9400ddc5e3b34122fd39aa9d60a6b97f7d6da7c1398efe3d3c27afc136611ac84217268c39b7d9cbe11891c9c2cd29594e3c8fa75beb7e6f874c37b7d3585d9b8309958096286305a3927f4cd164002a3f1f879498e4da3b30c44f10b641ae69a74cd424874fbc379756ec385b92252186f4320ff0081cc2812ec0f4645633c775651cab0bc1eb51bd191aad13d3e38cf8d1bbe62e4145cc81b09e6936e4489c8f2e3bd7b0395756d07665f62bf028077ee3b1c9c5acbaee1521abd4f423c32130989621ab69cecedcc6c3a1f6ef95b63159fcbcb1dedcdec575325eccdc8bec538f6a57a74a66743350a71a5017680d7acef759b34b2d72e096b7726d6f02012461b6203fd9756a0af2cbe13adc38f93182292bd2fc81616b770dec572f7ab19e62d24e1c1dab51ea106ac9f0d78e587525a61a68db319adaff56b95bad52e9a56e891f555f920f8478661f181cb9b9c06cc82cf4b0f22b840b201b35361f2c87114bd13cb7e5b536eb3cd4e0c36155527dc03db250c57b971f2e6e135d5386b18509140540d811b8fe98f0a8c8485268118ad41f83ecefb8ed91a6cb2f35fcfbd15aefcb3697a168f6374af271ec8ea5093e2371b65f825c3269ca2e2f03bb429041cb625a4a293daa05401d2a6b9eb7ec2c48c594f4e38ff00b18ffc7a2f1fdb1f547dc85cef1d3bb15762aec55d8abb15762aec55d8abb15762afffd0e399f40bca3b15762aec55d8abb15762aec55d890a976a2b48bec90b56a934ede19e1ddab8238b559211fa61397fc53d569a7c58c13dccc7f2c6d599647dc5642b19ec788a923c2a7349aa3b3b6d1737b25a85f4be23b800139abb76f144c76d1491f20837d9b6a6c36ae46d494af58f2facd0b55b883f68af53f2c5064c0b51f2042ee6a7eb087ed44e6846f5eb9747290c0fa9096fe5dd574e944967184642288581069faf2ef1ada3c30392dd73cad71e60bc17b736c2caf9d4473cf03aaa4a1000af246760e145392fdac9c73f0fb9ab2e0e2dd11a5793ecb4a99db4d9a792ee68fd2b82aff6a30c1a8ce29c5491b81827a8e214b8b4fc26d90e99a1a4442c5184a529c36553f31f6a9ef944a7b3788a6f069a222005a71ee3c4f7fa7296f114ead6dd6185796f41d3224b34ef4d7e6bb8a0fd93f2f0c902c641133a294209a789ee3be242228096cc4bd7761b8272be10ced29b9d2a260d54dab5afeb1846c55053692230d48ea846ca77cb4642d471a1d748b20c5cdb272af50389fc324676a214995bd945b7150addb20a191699a6a32860140ea2b503fcc63c36a597dbdedd2c48b3491bac6a1630147c3414d852a2b990324aaba3867046f6e6b5a79d985643e90afee481404d370d4e5f457236cc6300dade60b706d9981e3f31916658e7e66d99bbf22ead152afe907a7faac09fc3250e6c24f962fb8fafc40a15146f9d49fe39ee1ec7e98e3d1027fcaca593fdcc3fde3c3f6acef311fcd43e754eb5d8abb15762aec55d8abb15762aec55d8abb157ffd1e399f40bca3b15762aec55d8abb15762aec55d8aa17504ac048eb5aefd2b9e79eda766c23c3a88ed291f0f27f4f6f44ddd765e626e07fcd661f959c8ac86a0a87029edf3efd73cd753c9e9b46f5fb6621b75a53b7b66b24eda29adb3a93e1d07d03c700521132470caa6a2a3f970b14be5d0e0604280a4f435ed83742513f97e3e75a0503b8ae312cb8506da25b063ea02f4fd93b0fb864ed1c2a96da739a431a08e226a540a7df80a385368ac9618e8bb9e84fb642db036b0aab7c23e2f13e3924abc4ab24ea090077ec0d3be0a54e2c1092442c150b100ee49f90c3160536bcb390415922509d0480f5a8a6f5f9e4c8d9ae331695fa0621406aabf4e544375a94c809ad3aee70250c6157f869b13f2c69567d4232db0dc753fc310a4a26df4b62e0a8ebd01ef92a2c2c2670d95da2fa862758ba7351d0e4e8b0331cbaa3639c21e464dc8e84f86d885ab5785849b80cb5fb5fe67086276442a91434ad3a571604a5de6fbbd3acfcafaadd5fc812c96d9b993b9e54a2803b9672a14665e8b4793539638b18b9e43c31ff8afeac7ea71736518e3c52e517c8371319ae25988a19199e83b7235a67d0fa0d28d3e086206fc28471f17f3b823c3c5fe73c067c9c7332fe71e253ccb6b762aec55d8abb15762aec55d8abb15762aec55ffd2e399f40bca3b15762aec55d8abb15762aec55d8aa9dc2728587d3b75db7cd07b4ba319b453fe7631e2c3fad8ff00e39c4e5e87298e51dd2f4b2dfca600dcdca2d410c0cbca9c6a47ec0ec3fe36cf11d51f4bdae8deba8c390e44934dfc066b0bb58a2ada4703e13ca9d07534c8b623e076a0a1e46bf113db7f0c20b097344a943527e8a6160b590787cf12195a1a5b543fb2284d4d06f800656e5b64514008af7ef89553990843b54f6191094b25b8f8cd148e237df26192ad92b5d3ad4155db9576dab4c50592d83dba72117da5ec4eff00457086a9260351938b233f24db921dd4fcc1c959a60603b90178a54168aa549e9db7cac86c8a5b7978912ab48788242d4ed8096c01a49d2a082197a8f6c48a4232029b12724020a676a555c549e54ad2950724d65398ae23201e20ad2bc854827dce5b6e31815b31b565348d1dc9fe500d4536dfdb01a5882145d9c0a2ec3f93b1f0fbb225b400d24c0814a904d1878645243cdbfe7216fe6b7f29dad9c66b1dedeaf36edc228d9f8fd2fc5bfd8e77dff03fd3c65ac9ccff0093c7e9ff003a420f3bdbd908c207f3a4f9ef3d81e45d8abb15762aec55d8abb15762aec55d8abb15762aff00ffd3e399f40bca3b15762aec55d8abb15762aec55d8ab88a8a78e63eb3078d8678eebc484a1fe9c70b3c53e1903dccb7f2c018f57b800722eab403f59cf9ff00b4304f148c26386703c327bbd1c84858e45eb09f09e058166f1db3505dac51509a55101209edd457f86429b51b6c78a85aa9f035df0db128a8d996aa06c7a36490abc56bbeff002e9894340508ef4ec7a62aa2cee012e8140269bf51912590091ea9a99b68659802c541a01dc81d32116d115fa3e8f2080cf7cfca773ea4883700b0af15ff0057a64c9604aadc1f4e5e31502fb6c36c63baab69fabac12033d1b978f4a648298da6526aa929aa85a52b51df2522818e97c172ecc005ef455f1fa32be252113716b67750bc773180ae082bfd3df028d985402eec6e66b17a9486422273bf24d8ab039326c36ddeec82d6e0b81f10dfafb6560b02136b79b6a1a8a53a77cb1a8846a5dbc9406408bfb141f0b7b6df64e48161c35d1c2ea50c57ec3f8f5c6d97085582e599e8c6a478f8e283044144e65f8805baf81a60a61e4f31ff009c84b777f2869f320aac17eaaf4df886864009ff0085ceff00fe07b92b5938ff003f0ffb9c90ff008a79ff006807ee81fe93e7ecf5f790762aec55d8abb15762aec55d8abb15762aec55d8abffd4e399f40bca3b15762aec55d8abb15762aec55d8abb150cd7f2de0617c65fd824a1f1e43fb299e2dedae2e0d74b6fae309ffb1e1ff7517b2ec395e11e4487a89588125772bb72237ce24877f12ba26a91434ff2b037a36c95c3726903f2269da83c31528d57a3015ea76031b42263a8a0ea4ed4184062bd9a8a77c5081be7fdd1a1edd7e8c849b2218bea919751292024742453a91bd718b70e489b8d52ee2d3a49ad47af3c685a288f466a5403ed8486ba16c022f377e678bb3ea69167796f5049412c24577201ab6fef9971863af36891c80ec3d2c9edb577b814bcb76b19bed08dc860478a301bfbe532a1c9ba3748e5d5678947a317ad213fba881a7a9ed5ed80efd12c7b568bf35f57768e3be5d2f4f3f0cb0582959389ecd70df1fcf871cb2071c7a6ed528c89e74c93ca02fb46b168afaf5e78d01ab4efc88f13cd8d7deb94ccdf26ee1d95f4b95b5159ee58911cb217858f6500051bf634c04504cb64dad15836f434da9e1ed90607746a48c4d129ef5af6c9b1289139ea0efd4fd193557591d90135f107fb7224ad2f8ccaadf6811fb27c0e0b54ce27f513e3a1af5a74c5a48605f9d753f9773af1feeeea0f8bb100903f039da7b086bb407f526e8bb787ee2fcc3e72cf6c78b762aec55d8abb15762aec55d8abb15762aec55d8abfffd5e399f40bca3b15762aec55d8abb15762aec55d8abb15669f96b3a0be920e6437f79c7c45029fc78e797ffc107472e3867fe031f07fcf899e58ff00a68cb27fa47a7ec0cc38650eb7c7f73d4dc10052a6a37cf322f51075b958c18de8431af2eff4641c92af0b042d56d8f41e23e5ed8aa322344a1db6a8231545c6e36a1a9a52a3df0da159f61bf51d0616080ba35d88a96ee72b93684b67b612c4d0b53e206b8033633fa0f5fb16616574935b9fb29382c54780a7f2e5dc7e48348db49f5840239d87b81d305842a5da7ac3f783d55e814f515f0f9e1542a471a49c214f4ba6e09241f0f6c2151ffe954e1cd80dc071d07be44ab51f95ad2e64f56ea47b8e27918598f01dc6dd322655c997889faa451001138ad281474c812582cd94f20686bb1c882944c3200c0b8a7eaaf81cb031a553320a1ea0fd193b55586546e84d6bf67224aa2449f104a8af81ef4c8928465a5c719694f82b882d720c3ff3be678bc8970bcc2c73cf046176dd83b311f72e76dec263e2ed006be984dd0f6f4bfc1fcf883e72cf6c78a762aec55d8abb15762aec55d8abb15762aec55d8abfffd6e399f40bca3b15762aec55d8abb15762aec55d8abb154d7cb1aa2e99ae5add3b71843709dbb08dfe1727fd50797fb1cd2fb41d9df9cd1cf10173e1e3c7ff000d87aa1fe9be8ff39cdecfd47859a32e8f779403e9ba9051a30cac370d5e847dd9f3f4a241a2fa0632855ab39e3d01aef902e52b89370bc4721dc75f1df025130cadcba75ea7ad70251d6eebcc7534d9801b53fb310c4a22475037278d69d32568012cb89d5989a8a2f5afeacacb600875763290473daa0f4a77c52555ca045269ca9d3c7e78b040dca2f2078ee6b4c98485070e952df67b1037fa72549591c8b21e31c45b7ab374186928eb70c39557e0fda03b1c8c821130970d545568c8a3023f56565088f57e0000a2f603b641692cd42e0a36c09a740bf687be10aaf05cc9c451790237deb965aa363a1a54820f50453e591b544a71a800d7bed81510891920935e3e38b12a952b32c9d0a9d8f5c00a0b00ff009c84d413f42e8d640106e2e65b920741e8c6137f9fafb67a67fc0e70139b364fe6c238ff00e564b8bfe9cbca7b453a8463e6f0fcf58794762aec55d8abb15762aec55d8abb15762aec55d8abffd7e399f40bca3b15762aec55d8abb15762aec55d8abb15762af7cf2c6a76fa8f946c2e616124a90ac132edf0c9100ae1bbd7f687f92dcb3c03da2d0cf4fadcb190a0667243fa58f27ae3ff0013fd67bdecdcc3262891ddc32feb2afa9c07406bf4673e453ba0b4484f4dabe1e18b244a4e428555f88f53db15a44a4c541e4db9db6c8855c667a01ccd69d0e24aa5b7b730a726e5cea791a788f1c8db20961d756bc0544951c2bd0d7c72422c4cd176b7feafc527c14a549efdf6cb3856d46eb5f85494881929d49d88fa3102d2020175f913ed3ad0d0b313b0a7607df2c104a2879812740229547234db63ee31e15a5192fa4492aadd361434ad7db0526d196dafcb1a85ba4f5107429f687be038ed1b26b15fdb4d1f285f9edbc7fb4328312b4966b37f02a72e628280d3b1f03888b12ada35d47340ac093d89edd70a84e56837e46be072056d1308201fe63f760b52510b2371a8f978e1625543b9254ec40df14178a7e76dff00d63ce4b6c1d88b2b58a3910f45924acc69f38e48ea73dbbd81d3f0767f1d7f7b9272ff00361fbaff00778f23c276f4ef3d7f340ff65ea79fe76ce91d8abb15762aec55d8abb15762aec55d8abb15762aff00ffd0e399f40bca3b15762aec55d8abb15762aec55d8abb15762af44fc9fd4215bad4b4b95cf3ba8d26b65276e51721253dcab2b1ff00263cf3bff820688cb163cc07f76650c9fd5c9c3c1feca12ff4ef41d83980918f7d3367d98ab1ad2a08cf26907b589d9a0e2a28bc40d89f6f618b34446f4a11baf7191294454d2a363dc0c894852925693e02849db7aec3deb819317f34ea2f6cad2569543423ad01eb4c718b2c65b061f1f98751b75171756923c7bd1928ea41eb51f6b338630e20990ba6f365f5d8e255d621f6550804f857118833f18af85fccf74a3d1b4545e80b125f7f123e1a64ea21b62494743a6f9a5d4a3c36e035118baf22283ed53a03ef82e3d1b22ae9a17999db824d1a1e868ab5f6c812c914be50d5e60b25eeac54a1a058d474f9f7231e35e6d9f2dc30a159350bcb8e5b1e72006be2388c7c441821a4f275fcc0bdbdddcdadb9f87e19584869fe575cace5ae6c4c5053e8b71a6ccbc2695e21412abb97e49d036ffb4a71e305a671a675e5fa885154d129415ebb7be5126c09eb1600114a1f1ca494a22298d003d06d82d5111bf161bd0530db15552818166a05a9249a051e24fb64e2093439b125f37f9bb538f54f33ea97f14864867b8730b9deb1a9e31d3db82ad33e8fec4d21d3e8f162238650c71e2febfd53ff0066f9a6bb37899a72e8646928cda38aec55d8abb15762aec55d8abb15762aec55d8abb157ffd1e399f40bca3b15762aec55d8abb15762aec55d8abb15762a8ed0af26b2d66c6ee16e32433c6c0f88e542a7d994953983da78239b4d9212fa67097ddfef7ea6fd36430c9123f9c1edda8208a6e214d7b9fd473e7398a2fa56395843c520a0f8aa37dfbe41b8222d675706bb11b0c0945944600f220f6a76c81641708c8a0037ed5eb915621e71b604c6ae362d52de02bd3df0e2e6896e10905a011f1e3f052876ede397ca4d510d7f86ed5d7d48d38375d853eec3e290d82215ada2bab570bbf01debb53dc61e3b6548cb6d64bbc91bc722143c59e4140c7afc07b8c908b2468963043a357975a9ae0a4a2044ae0169295e94a9fa3225369adad85ba50945ab0dc9dcd72994904a2e6814a50003b7b6536c2d8fdf6991cdc9481b8a11e23e79305043b4b8dad13810197f6586e69f2c495013e88f25e34dfc0e565557d255201da9d4fb6042ac6cc2800dbb1f6c2a97f9be736be52d62e2bc07d5248ea7c655f4c52be25b379ecee0f175f863fedb097fcabfde7fbd75fda593874f33fd12f9cb3e8b7cddd8abb15762aec55d8abb15762aec55d8abb15762aec55fffd2e399f40bca3b15762aec55d8abb15762aec55d8abb15762aec079287acf9675eb8d6b458e7b905aeadd8dbcae0eee5154890814dd95bfe0b967867b5bd930d16b0c61fdde58f8d0fe8714a5c58ff00cde1f4ff004385ef7b1b547360b3f543d3f62620b863c7a77edf867314ee01568e4e4474a03d4606498472d7606a3c72a2cc2321903b558fd91b53db2250528d5ed52e265aeea3e204601cd52ef446fc81041d80ee3c0e5d68a444557e9b28f1f1c6d215d20f536e410f7dabf8645905e74da21a375f848da94f6cb014852b6b026e16323e13bd69d69fdb934929a25bd24145d9875ed5c812c7891b6e10a1507e31f6bc6b954822d586c8413c980a54e4085404d64232cca4b06353ec702a8080c479237224934a74070daa2e30186e683c720505101f6009e9d08e9810bb9928006dbbe2879bfe72eb4f5b0d191db894fadcea0ec6a4a440d0ff0093237fc0e7abff00c0ebb3c564d49eff00031fd9932ffd3b8ffa6792f68f526e38c7fc325fef5e619ea2f2aec55d8abb15762aec55d8abb15762aec55d8abb15762aff00ffd3e399f40bca3b15762aec55d8abb15762aec55d8abb15762aec55977e5eeb31db5e4ba74c78a5e51a2726816540481bff0038dbfd6ce0bdbceca966c03511fab4ff005c7fdab257abfe494bd5fd5e277fd81aa10c8719ff0029f4ff005ffe3cce8b55893b6fb0edf3cf227b389540e8ab56eb5ede191a660aa06951800f4f03d8fb1cadb023e124461ab41d5d2bd4e0214b6f570481dfaf8642952c6889918134a36c3c72c050b2086701d9e9f112dd7a614a3ad12ab56d9ebb9aef4ed81369ac76e9c2a7e1db6aff000c2116b85900c139550efedbf7c9d9422d2d95454124789f1c849573414a1a52bfb591b50869afe18af61b4284cd7018a1edf08df225558c5c88e8411f4602a86b8b6766db65ef90b4a9a901e8b5a5294c2555548000dbd86450bd541600edcb66f003251082f9f3cc1aacbaaeb5797ee58acf2bb42ae6a522ad234ff609c573e95ec8d0c74ba5c78401fbb8478bfa592bf793ff003e7ea7cc759a83972ca67f88a5d9b1719d8abb15762aec55d8abb15762aec55d8abb15762aec55ffd4e399f40bca3b15762aec55d8abb15762aec55d8abb15762aec557c7249148b246c56442191876653507efc865c719c4c6438a321c328ff0046498c8c4d8e61e95a36b2750d362b87605a8525a0a1575fb54f9fdacf04eddecbfc96ae7885f07d78bfe1593e9ff7d0feb41f42ecfd578d884cfd5f4cff00ae98c73bd411ba9ee7afcb34643b008a127214ad29fb3d72baddb81548e4e4788347f7e94c0946c6fca3a6e79640a1426a16a53a0a72f0c2ab1e4a7ee7ecb91556185148eb76e480b01cfb9036a8c294c60278f1624b01452e7a0f6c508d8a3e717c55af8532410e92ed6150ce4d09094a78f41808485c8ea14d093ed5ad2b90a501d4a823bb6c3db2242ba3548c11d43124ff005c8c954a7957ad69da9e390540c92a7203af86296fd5e2b56535aefec31010ab6e59a40c36dc500de996c62d7293cb3f30bf2fd34b9a5d4b477f5b4eaf2bab6afc76eec77a7f3c3bf5fd8fdacf77f667b6e7a8c31866db2ff0cffd5bfeae7fba7ce7b4b1e386631896059d6382ec55d8abb15762aec55d8abb15762aec55d8abb15762afffd5e399f40bca3b15762aec55d8abb15762aec55d8abb15762aec55d8aa6fe5cbe782fbd12c44738a6c760c37069d3fc9ce3bdb4ecd19b49e281fbcc1ebff00925f4ce3feff00fcd775d89aaf0f2f093e9c9feebf8598417cc09a9e5e0a73c7a58dece1911d6d346adf11de94009db2831726324606e428bdb2b2d8ae9390bc49a0aed902adbcadc9483b1db021a37046d5dcf7a77c555a0b99231f17723a74f96154ca1d43880c429df7535c42d22d35366ab03403b57a64ed696beadccfa6cbb11f64f5a8ebbe44c95512f14a8e6eaaf415e229b7be40ab7fa4222c63153c455981d860a5529f558d4854607b0c04210c6e964240a91dc8c516df314000dbf1c1695369cb49c233b8fb4c7a0af6f9e5900c25251d6bcc56da068375aaccd416e1150752649645893ee2fc8ffab995a6c5c5303a385aacbc30250da75d0b91e8dda99a39432ca5b70cadb383feb0273d334b1e08811dbf9af986bcc8cc93cde61e73f2c49e5fd5da040cd6137ef2c666352536aa93fcc95e273bbeced6fe631d9fae3f5fe3fa4cf164131e69066c1b1d8abb15762aec55d8abb15762aec55d8abb15762aff00ffd6e399f40bca3b15762aec55d8abb15762aec55d8abb15762aec55d8ab6a486047506a3233889020f229068db2f8a7f5922955b8b4881a83bd476cf01d5e98e1cb3c679e39ca1fe94bdf61cbc71121fc48f86e10d030e4146c3a7e39af941cd84d36b5ba568168f503a002a77ed98b38397196c882410093463df2a2cad459dd0125bd45f61b9ff6b10ab7eb4fb924d2941d8fcb0b1b51fd21c598963c40a15fd9c908b1e22d8d5981f865e48bf6b7a903c07d384411c4bd755ba645025284d41f1a918d2dac6d4455381e33a0249627a2ee77ff002b070ada3bf4c8147724f2150a3f0c870b2056c5aa3baf11553fb521ebf2c1c2a4a2ad43c86b4655eadcbe26c8945a671031a8e2b4aed4f1c052ba49942fdaa1fd782950cd703d4f84065f6ea3df2d8b5c982fe6feacd0681656e18ac53de44d3d3a3431ab337fc371cd8e863ea25d6ebcfa404dfc93772be990a5c7c7240cf04a50d6af1352a6bbfc49c1bfd967a068e5700f9ff6a0a9a79e6fd064d7f44fabc054dd427d5b677d8546ccb51d392e6e7b3f543064e23f49f4c9d5e2cbc12df93c7f51d2b51d367f42fadda092b415dd4ffaac366cebf0ea21945c0f13b284e32dc14265cc9d8abb15762aec55d8abb15762aec55d8abb157fffd7e399f40bca3b15762aec55d8abb15762aec55d8ad3b156c024d0657973471c78a47862a02b5ad95cdd4812050d534e55db3547b7b4c3ac8ff9ac8c08e69a7f852f12e1219ee218f92f3918726f4d3b16141f68eca32897b4586ae319cbe51400839b4c5864a1983a03d94ab103bd0d731327b484c4f0c2a5fd297a5ba1885ee9ec335b08a3118a46147a683722829b1cf30d6f1cb2ca533729cb8a4f59a5c91e000720aeae02af161c7ad0f55af5df35b20ec612b455b4f1b50ab18c8ea40f6eb94ca2df1923619270451c3275f7394480ee72232450982b71607c2be395532b74d0c6f500303dfe5885b4b678e6b781b8a2c8d4a2f135ad7615f71960218941c501862e12070b41563bf7fc32cb6aa44b3c6c68189a0dbe13e237ae40b602b974f69e456e2ccc7a0a9d94f5fbf1ba5a47ae99339155016b4153d3e432064c9328b4f861e3c886a74dfa65664a8c8e45880268c7c076c894a9bdf015dc8a78feac405b42bdc348d5a9eb5cb00624b9480b51b93d0f734c931ab7957e67ea66ef51b5b3421840cfcd47ed72a26ffe4eed9b6d1e3a17deea35b2b900cc7c8b2490dac284d0cd6b0c8e869fdec05ad6523bfc4628dab9dae8be90f15da839b3786f67b6a8917e0eaf4eaa7dbc7363c2f3d32ad79a6d9eab6e1e058679a4a7ab6138062b85a509427fbb9a870432cb11bdff00af1faa0b0b8ef1352796f9abc9d3e99235cd9452b59127940eac64829fcdfcc9e0f9d5f67f690ca3864471ff00b19bb2c1a913d88e19318a8eb9b6729d8abb15a762aec55d8abb15762aec55d8abffd0e399f40bca3b15762aec55d8abb15762a9a5be8d0ac02e756be8b49b69056dfd5569669a8454476f1fef7ecd4866089fe56737daded1e3d31e0c63c6cbfc51fe0c7fd797fbd7330690cf73e98a4da95fd92cf2c96ab243a7a5043f592a677a6e59c27c09cabf0c6bcb8fed3673997da6d64c11fbbc7fd4fe1ff3a4e647478c77941d9ddde3dcacf2c656d80aa45ddaa7bf866bc76a6a89df24ff00d333961c607209d89629dfeae01504729168282bd8d3be5b2cb3c86e7294cff48b872007209b47746c696fa7c1135c744f54b08d59b71cc282cc4fecaae4fa38e4027d5c91a7d6b68592e1d65b89486bc71f67953eca03bf115db231b5223d3925174dcc035ea7615dbc7090cc2fb4ba318286b4afc27b7df9a9ed0c1c5b8767a3cfc268a66190d030e5bf551be7352145e8b19d9511997e2a8a9a8e4bfaa9902dc15e19c2915f87c476395916db19a312e91c01d4d69b751ef95183689a363bb45dbd4a851bd7a9cae995ac9eac8555be16dc25760de2308492d5adc483f74f43130dd5803461d406c3418ab34d0af04eb5353e0a3ae448641110dc2d59ba2b53e11e03c72252bcde727aec42f5f7c8d26d635d9ea2953b0ae34aa525e6e2ad53d78af87cf1e1558649243b0e4bf80feb8404144c608a6fdb7385054354b94b6b392463c598514f403fb72dc3032980d596621124bccadf4eb4d4ae6df5695fd6779d9e4b6707d27890fee179ff002d4169ff009b92e75da2d189005e4f59ac2090ce3456717957085d6598384dc0170892a2540000e5149f673a3c6002f33aa37165f10571c58371a6ca7a8cc974d2526d324f50c969706de5dc8aeea493e1db2625dec2932b3d43ccf1af195239e800e5cb7dfaf5fb4b4ca658f19f264272b4beff00c99a46b1f5833e8f058df5cc722c776929089332911c8c12838abf166f872dfcfe7c78ea190edf4edc4e5e0d54c48716f178ff003b7d3a6b9f2ff99ec9f49d7ed3f746eb7685d8fd891c03b46e0ff7b1fc0c9f1a66b23ed26b01faef87fa317ac8e9b14e3c51e45e81ab7e5af965e35d4342beb8bad1cc2d3cd7103c576614f869ea2a84979fc5c5a354e5c91b2ec5ed9ea47d78f1cbfd343fe2965d9f1e85886bde50d5b45d4e5d3ae38493a2aca814d0c9049fddccaad46e0c4327f91246e8f9d0687dacd3661593f732f3f5c7fd345c4c9a19c797a92792dee22fef2264f720819bfc3aec393e89c27fd59071658a439853cca60ec55d8abb15762aff00ffd1e399f40bca3b15762aec6d5d51e38aaf48a47202233577d81e994e5d4e3c713294a318c7cd94604f20b25d4b4dd3b9b5cb4534b4e2b06eec09fdaa0206dfe56709daded4199e1d393187f1cff9ff00d4fe6bb3c1a1a172fa9268cdd5d334ba559bb46c686e6624d49dabc8fdace4f1c0c86cec2538c79ac3a74c9272b8904ae4d47f28a6d4197f80435f8b12a804d0866865652c3ec37c69e34e3ef93112187104cf4b7d6096612dbc08f40f304669371fb209a7fc16666305c6c871b2188fa1146c031978d63326f407f6891d49cca0e049d25db93f1519d89a85dfa0152476ae34a0a1e77635a3127bd7f0c14cc21244b8e26b2145eabe1b653923b374254519a6eac924e6cae1b85c0de3a9003af6e24f7f6ce7b59a3adc3bfd16aaf629d841d6b43dc0cd3cddbc4b45596bcb6efbf878e56cd7231e35038d76db6ae02cc2216522819b6f1f7c890192e4b89983190046deaaadc811db7f7191a0cc2e0eb50c4b1ad36c6955566e2bc42f10773bd6bf3c81486c4d236c796db8df6fa30164bf9c84852bc969b01e39150bc24b2034077fb582d2ad15ab0a97dc1ea3012a898d0290146210519e924519790fc5e071b28603e73d45af6e23d1e297d2137c570e3ed2c3fb4cbeff00b0b9b8ecdd3f17a8ba7ed2cf5e91d14acdeca8b1a42a638c2c71422bc02aedf00eff00e56767a7880287478fce4936591e9a42dd327165e688ebf0f11488d280f87c55199b0e6eb73722ca62662016a54753dce643aa973448347ff23df0860ad56eb1cad1374343fd70108dd5565b8029532f2ec9f09fc7be44c42d9497ce5e50d2fce1a7259deb3da6a36cac74ad54af2f46b52619a80bbda39fd95f8a07fde47fb699acd76878fd51faff00dd7e3fd93b2ecfed1969e547d58cff00b17815aea7e62f2c6a9241209ad2f2ca629346acd1b2489b15aad3b7c4bfcd9a502c3d902242c722ccf4af38697e608a38b580f7f7f1f24b496590c17511929c44338da64f52ae6193e2c94408b19025191c935b96a3972bf0491cebc6407dd4f4c970a9b5b259e9f38e525baaf3dc4880a93f76d9b6d3f6d6af1508ccd7f367eb8b4cf4f03cc216f7cb4a89cece70fb55a293623e4ddf3a2d17b560ed9e3c3fd3c7ff0010e1e4d17f35269ede7b76e332143dabd0fc8e751a5d662cf1e2c72131f8faa2e1cf1ca3cc29e64b0762afffd2e399f40bca37434269f08ef9a9d7f6d69f4a3d72e297f321eb9fe3facdf8b4d39f20ab1c409140d20ad3e1db7f99ce6753ed7cced8a023fd2c87fdeffc79cd87678fe22a77577a75ad5ee2411711b47512313e1f0f7cd466eded6e41be4e1ff858107221a5c63a25b3f9963720585a31603fbcb9038ab78855fe39ac96ab31fe3c9fe9e7fadbc6287704b2e751d4eea458e4ba9ee647255228c95527a5005a0a6626e7ccb65532dd0bc8f696891dd6b016e6e7664b4dfd141db97777f63f0e6c3068bacc6eebb36b7a4532d42f4202aa000a2811400a07800361f466c00006ce1c6449dd8add4bca4af73d874dce63e472e1b356d0b33abb0241de2ee08fe1918c2d32c8026d6711a800d76355ec3de999310e2cca31d55896624766a6c36ed960692b24aad7d3255ba13df6c92b5d178d47c2762a7c70320b4278ec41ea4e4642d90294ead6e266208a95a1564d987d3db313345cdc12477973ccb38b748afcb3b2557eb3d4d3b07ff9ab39ad661dec3bed367da8b2c82e629e35319560735a6243b18c8145240847c5f6bf9b225bc05516abb00bd7a9391b65c2bc59ab1e34dc77ed82d34a82c64d89200fda1e380955e2dd06d4a9c81290bc42a280efe2322592212251b282698954447048d40a94c825151e98f4e4fb0c5558c10429cb6a8c01698eebdab18a3620808a0f227a01991831f14a9ab2cc4624bccedde7bebd9f50a714b82281cee635d969f47c5c73aad261a01e535396c927ab23d3fe18c05605c7d92a371f7f4cdf611b3a3ce776411acbea5accec58af252cc0900153b023ec8db3320eb729d8b27804e06e0b0615565a1a823db2f7573e6894ad0751f3df0b02512a481baf6a57df02015447e27f940ed80a6dcd32d082ec8c0557ae0a412c73cefe4cd37cd714772bc62d6605089391f05cc4bd219cff00347fee99bf67fbbfb19afcfa206563fce76dd9fda72c2384faa1fee5e67abfe4feb0236934c9219a503e28799563c7b282285be9cc59f674aac3b7c7db3889a3c9258bccfe6ad0eea3b0d7a195a187e092de640b2aaf8c7211cb981efc7306709479876d8e7098b89e24f60f32f955e23f57d48c1c81223995d0d3ad2b465ae0e2490515a7f987cb9731ac035a581c55bd2ba0556bed2537f6ae11308e129f5bdb7d760115a886f564deb0324a6807f2fdacbb1e5313713c25898f42965cf96629492bfe88dbd432900ffb13fc33a1d17b499b16d93f7d1ff4b38b8b97491972f494bffc2fa8ff003c5f6a9f68fd9fe7e9f6737bfe89f4bfd3e5fcdff60e27e4e6ff00ffd3e46a90a406694f114ad58d00fbf3bfed8f68f26494b1e03c38be9f13f8e7ff0012eaf4fa200032e695dc79b6d615e16f17af5db931a2d0f80ce4edd86e90ddeaf7f78c4bbfa7135691a1a014f1ef86d898a82071f122051d2bf6bf5e3694758689a86a532c484943d49e83c2992844c8d044e6222cbd0342f2f69da447cd543dc9146948dc37f923b0cda69f48202cef2751aad6196c368a26eaf14027a57a6fd3fae65b83063f793cb3dc148109a9a0f634f1c817262846b2111a4cfc9813c87b9ea36ca65172049131c4010029a7534f1c9c62d539236047e1ea16a2ad45475cb69a495de992016238b6f5efbef53850d15e3404549eddfe9c52b1548068c387603b53fb30242ea16d86d4dabeff002c09435d45572435457e1de9b8041fecca720b6fc72a49f4e9121bc921907c2dd878d3a673fad87a8bbad34b6b663a55bc722830feecf751d2b9aac81dbe1369e416b735a56b98a4b9802671595c9a557204b6008eb7d2ae187222990b4a631e8955a93f318134af16850fda61d3145aafe89b53d54532252178d3ede2e8b89485de946be03205921ae2650a416f960563faaeaab1ab50d283a659085b09ca83ce3ccfa8cf3a1b72d58e53465ad6a0e6df4b8c02e9f579491483d391792c64356a142a8df6e833a2c107419a4c9234bc4954b2346a3761df36b89d56529bda70511faccc033a82295152695a665c5d7cd31d335df2bbd638f538a39a327d652268b871255aae578020e3e3c47371f2767e63b80c9ad5649d395a5e4179052aa50a4c7a6df1c66adf48e5928e48971b2e9f240d10a8ff005a56e0f08a9e82a53e55e432608a69376bd27550dc95d149ab9d8d3b76c4a2c2b030b28e122bb0de87623efc8df92d79ae957d3e4dc495a5640057e9182d90425dc0181ba8b8d69fbf40295ff2fe7fcf863b1a2b2ef4ab59b3d3f57b3163a8dbadcdba9aaa9fd961d195ba838cb1096c43661d4cb19b81e161771f94da14d700c52bac4c4725655a91db70699873ecc89e45db43b7a75ea1651337e5679496d447731cdc9882654654653daab4238fb608f6643bd27b7664ec36623ae7e536b1601afb40b837b6e84b1854fa5731d3a74a73ff006398d9bb388e476763a6ed784e84bd12ff006291d879cfce9a7b856bd9275534305e289d76edf1fc4bfec4e6ba713176f60a71ff002b7f53ff00ab258f5a7fbbbedf8fdaff0085cafc4923c38bffd4f3839d42fdc97667849a85ec2bec33642d85044dbe8aeed5e2e4ec2a01036384449606411f1f97ae6abc22e286bcfd4a135ed97c701ee6996600ee536b1f2dc65d59d39d45083d01e95a66543464f938f3d581c9935a5b5b5ac74451cf60580ee3c33331e0111b3aecba894d0f797ab1fc408e5bd48fd91e39735c45a56c925d3700488d7727ae25b04574f2c76b6fc223c5581a91b93f3c810ca252c8be3928cb4a7ecfcc77ca8b704708c2aa9029d8f8fd19645ae4ac4c61963424d4809b1153f4e4e9acaafc34e5b2961d3aedf3c3486b89f03507a788c090daa2b6c7e12de1bef81934ee8bf0200581a123c47518150f342a5ea451c6d5e84d37e9902d912c6b5867b7d5124152645a8614de87ae69b5f8fd57e4ed34b3f4a7fe5dd7a346015ab4a7204f43f3cd4e5c44bb5c19699fe9f7e2428e0fc2c2b9ad9c69dbc25619259cb0bb835a9ef94483684d619100ebd3b6442512b32507627b61b5719b6a5698a696fab41d41a9c89480a525c281d7a74190b4d25f75a8461a8a7b6f82d95245a9ea9b155ebdb271168258d5dcef2127763d77e99998e2e0e59313b95927ba67238281c51c6e687a951debdf36fa5c765d36a6748db6bcb7d3edde45905bad40773f14943b6c3b9ce8b0d00e9327ab64eb86bb72bfb828b090192e5981e4a7f696bd332b1b819081cd1da768335bcb1cf3ccf337a88cc4b72007215a0ef999170b2e51ca981f9df54d565f366a369f5c99ad217444b55918441bd252f44078fdbaf6cd1e724e597bde834a00c31f724125ede4127ee672854712428e5b1eec28700948726e201d884ef4dfccbf3a582f18f5197d3342e9ea171b7b49cff0cb0659069969711e8cb2c3f38fcc8a9ceea1b5bd5a8e6b343c65edd1a22bfab2d8ea641c4c9d9984ff000a7fa7fe72f97eea4115fe9b343282791b79564ff84982fe0f978d597032f630e712c92cbcdfe49b9748e2d55ac2e1abe9a5e73b4af6f844c3d36f9abe5e335b853ecdcb1e438bfaa9bc1790ecd6f7297a18ef244c92a153dab193968a90b0e1cf14a26882a6f05afa8d2db0fdc1e887aa7829f6c9c49ebcdaf8690d3802815771d0f6fa32d0d45d58dd0a4df103d0f503eec595a4b70d3e9f78dcc7280d38b2febc6adbb190764b3cc1e50d375e1f5a888b7bc3d5800158f6e4066265d2c723b1c1da3930ec7d51637ff2acf52ff7e5b74f13f6bc7317f93439ff00cb31ee7fffd5e7d169b676ebe9dac31c606df08a7e27ae76b0d3638f20f319757925d568b75268454f40476cb7823dc1a46597795c2d14d178f435ff006f05278cda2e3f4e2076f8b6e24f5191a4da0ef6f56304f53fb541e38f24c45a5004970df0fc2808ebeddce36cc047b37a118455f877dfb9ae0a4da5b76eadcb89fb2687c37f0c8965142da80ae5d8f42371b96ed5cae9bc2636c8acd566200aaa91d0fb8ae4e21a64ae073048d9ba0f1a7739362e6a82140ad3a7cfc298557050a0f3258fb6dbe02ab5cc6919965916288539331ebed913b321ba4fa8799ede01c2d4d3883c0900c8581e817a22fbbfc5954f253958f4d7b957b1791b4eb5b9774659579cb2b12472626abff3ce9c5b2119922d3920232a080d4e0d36e2ea09a79d5628037ac8bd5ba71e2731f538b8e892dba79f0d8ae6b5e1b4907a917eea55e8c14d3317c18d391e294df43f314d6ac905ca8652428607a03981a9d0f16e1ced36b8c763c99ee95a9a48abc1c72d8f5edef9a3cb88c4eeefb1651216c8adef958024efd0e6390dc1142ea334a36d819056fad4676ae02569465bb551d695c892c80404d732b93c6b41df204b3e1414eb296e54fa705a52f96c9ddcb3d0af6a76cbe2766a22d28d5da3b588fc23d563c5789ea4e66e9a1c65d7eae62018a850e4f020b2f4a9a74ea33a5d3e1a2f399b2da3ad9beae52e92d16ea4b721a920ad12bf1f1a7ed302428cdb638eceb267bca67a724105a411c9273585e589243f08658dcaa3713d19938fc272ec6e366dcec9b5b4f6b3f044ba5201aca187c2231f6eadfb3b665c4ecebe7137c9e4fa85e7e90d62fb521badd4d24c9b508466a2ff00c28cd14cf148c87f117a6c70e0888ff342064147da9e04d3c3166a5c6af41f68fd907be1544db33a1ee6bf0fd1f3c2821551984ea5050af63d69df7c2d6f68f266aeb71a7fe8dbc48ae2351ca08a65491687aa00c0f4eb9b3c3443a0d6c48362d359fca3e53b9ac874c8ec67a50cd60cf69253e7110bff0009971c23bdc11afcb1ebc43fa7eb54d27418f4b6674d4b50bd8d93d3821be95645892a09a7100b1db6e5f670c2063d586a355e28038630feaa3a48d981a13b7d927ad3320170294e1f540a13d3f6478625310ebbb58af2230c94dc7eedfba9f6c0ce268d863115edcd95d49693d50a91463d083dc57ae4641cd81128ee98fd70789e95fedc8daf86ff00ffd6859a1eb506bd7c33bca78e5bc00f0ab77efb6295c7f76a1a94e42a29b902bdf2259040dcdd2460d47507881d6a37c836c024cd2bdd4a3893c49dc1fe9912dd100265140b02515684d687f6b7c9535996ea533902a01e26801ebd7a7cb0d2014b9d6bca8762a765df6a7f1c896c8ac8236288a9f69c855e43a57bd0656da0a6fc1638c20ea2bc5a9e2373f4e4c06925db80a036ca28aa3b0eb856da2b4dcbaa03bb576dfe670a12dbdd7acedd4ac239c9d15989a1a75a0fb472129d37430c8b1ebfd6aeae9eaace137a48db11e3c507c29ff12cc794edcd862104b45b331a835ef5ef5f127214dde223f4dd46e74da86433d939acb07f293d596bfb5ff12c0018f2612027ef4fadd34e9635bcb489644900fde6c1929d54a9e9ef964651938f28ca3b28dddcea713560b65b984d79a37c041ea4fc8e559627a06cc447f114335c46dc16443ca43f0b11c457f941efb65147ab7d0e89de937d7d6bc3d22b2db1056841f5013b9e27c2998f9f46328fe93760d5cb19f2675a4df5bddc21e30457a54d08f98ce6b3e9658cd17a2d36a6390586436b6ca5547362cdb9cc4907382323b0663f0b16dbb8fe395a55058210792024771be029b5a2c5630793a8f6ee3214cc151956db87c2dcf7e94ef8854bafa10903ceee218541e4ef4a81db6f1cba1124d06139002cbce352bd37774ed42aa3fbb3de9ff37675ba1d1f0007abc96b357e213dc85b708c0ab9a14665a81f6b7aa9fa41cdac6345d5ca49b5aa8681a04e419d0a7a9e068457f5667621b3afcdced13a5403ea6dfa42c192467e4b6a38a062a81098e3dd9558a72ab1f8db06389b368cf206b84a5fe6cd66c6d2c25b48a07b6bfbe4f4d6d4152c8adb317a7d9a293fecb0e6ca231a1f514e9304a53e227d1161915aaac34fb3b55547614cc318dd899ee877b72adf17fb1fa3be4780b21350f4181e9d7a31da9f4e262590922ed2c25926ab576d9a9e03c3234cb8d1f0e9c85eb40b4df9375a8e832622d529b24b469ad9d5a262ac29439951d9c0c91b7a6681a8a5ed92ccdc430f8255076af8f8ef99909d8747a8c3c32298310d2557e20c77f0a65c1c2a701b9ea4834afb649ad6d29d07c43ec9c56d64bd6a83893886494ebda6497d0aca951710034daa197c30b6427c258bfd62fbfdf2ff00efbefd7f97234e77881fffd787d189e82a7a6dd3db3bc78d5263c46f4eb4c0c8206eaf789a2b00075f1c896c88492695e590807883efdf225c808fb0b568aaed4e4e2bb78e203194910eebd8ee7607c324c109331278ad077dfad7be1485145f881ee451a9e190219052b09a1b6492e26938815445fe6dc54e43ab65121bb9f32697092454d0f7dabee0e039621034f291d92a9fce40545bd093d38afc5edf137f4ca65a915b3951d09ea846fd37790099df8c72761bb7de7f8608ca72ddb0c71c3a5a1c5938a97259d8d092493b789c97015398171b4a6d434f734f6c1c28f115e387d3a6d471ba918785066d3c0f404ecadd0d6bbe1a471203eb177a75efad6ec555cfc4a47c0dfe4b2fbe62e68f0cac6ce5e32271a2c82cbcc7652a28ba0217002050094a0fe53fd7251cbded33c1dc98086dee61f562915e3ea81083423bd30f102d46128b56e934152dcb8f852836c3c20278bbd30b1d4eeac67e7000ebd4a9dc01df21a8d243346a4db83533c52b8bd1fcbba97e92b6f56d671ea0f8658881c90fbd7c738ed7e925867446cf5da1d647346c734fe1b3bd65afac4d0f406953ef9af2e6daa7e8fb8a86ab03feb644a41582c2de3ddbe290f76a9c8b2b6cc4a0ee053724d29b0c4735b2f34f3879a46a131b2b1e234fb7704c94a99245ee3fc85fd9ff002be2ceb3b27b378071cfea3fc2f35da9da3c7e887d3fce6381faf215af6eb9bf8c00e4e8896ac551b5091251b385714ad0951c4fd34a64ab76b276644352b2887a3147596300333500f1fb5db32e32003ad962948a41e67f3958db955b62b77a8464f0916a238ebd0b13f6a99464d4d7272b4fa1bdcf261567f59bebefacdc3b4b7121ab377f6a7f0cc18711959e6ece7518d0d804f192b1f43c3a9f9e6c3843ace22863173201f8636f8b71bd465662df1929b404baaafed1037df6c8486cdb192696f68a245461f64541ee3b74c8d6cb651cb6fce6540371edd32712c241376b17081789e838fd399023dce2c930d2e7d46c9c496c7872ad588aa91e14396c4170b370966569a95cc90afa912a4ac2ad4db7f97866445d5658d0d9524ba34ea035771d01cb8070644a99d4a2142e0053400f7ae259807b95837321c6de1bf5c00865c25bab20e55f881aeded8a4b5cadff00e59c7daf5ba7edf8e34c69ffd085c93a8fb22add4d76db3bc78f080bab91bf5141b3788f1a644b6462925e5d8e6154ef4a01dbfcce46dba3145697620a7ad2fda1bd08eb80b2e48f761bd0d4529b7b6d4c430214abb9dba6d402a3e792452c655df6dfb9f9e2b4a01406abec1fa53b76c090946a164c7e107715dc74cae41ba13a4a1b4c92b4dc96e8d4cc696272a39c226cb45dc33015e9c88dc1f961860ef59ea364ef8224015770a78ad76a281e199423429c332bdd0d2c68ed404540a81fe7df1a4da8bc2bc2b4e94e5e271a5122d7a7c6a38d47ed5076c785789c62403aa9aec790fa3a634cc48a16eecfd4468f734ea7c7c3213c7c419c32709b49d55a398c7200580aafbd3b1cd7ce3469d80208b0af0bb40e64858c2588278fd9ad3f97188448a346bdaca00a27e2285108f8b88f6ad72c0c2826563e64b799425f2fa730a16940f81980a0ad3ece5c0ecd72c7d4322d2755bcd3ee96eec250ecdb3f120a48bd406a6433e9e19a3c33dd18334b14ae3cdeb1e59f32d9eab6deac6dc275212784d392b7f107c738ad7f674f04a8f2fe73d768b591cf1b1b4bf9a9bc9212491523b0cd6d3b1014cb1a5280d7b60a4b0afcc3d765b58d348b43c25b84e5752f7111340a0f8bef5ff27375d8fa11925e24be9872feb3a5ed7d69847c38fd52fabfaaf3c0abb6c38ad07b6db675f10f2e4aee3b52be3e9d3aefb6581ac94b2fb506b368a4204974ebf023d782c4362caa3bb6259405a4f7ba8dddc920c8cb11af1894d36f7a75c812d9100724b2504950a29435dff8e5320df129ce836cc54ca49563f0c607b9cb30c7768d44e8526ad1715a01551b5475f7db3369d7da83a203c994fc35a03fd0640b9110d5a9412879372cc1208d54bc9239e81116accdfeae5192400b2df8e04f267fa27e5579cefae55b538edbcaf6b702110cfaccaa276f5a5486229691b7ad479e48e2e72708d59f3072f68406d1f53951d377b26f297e56f96b54d42d6d9fcdd752cd756536a76b0c7a6ac1eadbdacc609c15999dd2459959551be2e1f6979663cfb4663a00c869e2c9b4af2ff9727bfb7d26cafe54bb9bf776e2fec29117fab2debc4d3c2ec11e2b771c9e48f8ff00272c90ed0ca05900b13a4c65daaf956e6d6de3be96313e9722a4b6f7d6c03c1e9b80d1b17a0f4f9a32bd2455fb59b1d2f6a425b1f4c9d46afb2a43789b63177a9db40fe8a46c0f691875af65a66e04801b3a6fcb4a468a53a8ea5c57d41d08f1a7e192f19234401b290bea324b21a4856551f11ec41ed91e36cf000641a16a73b030b02c40f849e840f7c209ab6acb8c532033d5401bfe196075f253f51ff98e4983ffd1e797722272277fe63e1e19dd92f271093dcde39600ee49f800d88c83786ecac59dfd592a6bd88da9819128e965350800a28a023162a209527a907bf4c28558e53d528c3a781a9ebf760a5b6f92723d683bf5c92ac214d538ec7af7a53be2843cf1bb1f887c4bf49a763812a2a88288c6ac4feafd58d2daf488824814ed527ae34ab6f015886fb03b2f735c2154aafc6a45694e23bfdf8195b456bb31a927e26e8062c2d6f00053753de95d87be14db4626f931e8c29d3df1b676b4c5b8a9dc0dbc37c53696ea5a734c81a21f1a9da87be519b10906fc19b8763c92e89a955652241d49ede3b0eb987c24399295abac24b804786e3df2d0d76d18687811b0f7fa298698f1350fad6d27a9048c9e054d0fd384064640f3649e5bf385f699aac1732aac880f0924028dc1b6a301b1ebd72ad4e9c66c6625960cbe1cb8a3cdee9a36ad69a8da25cdb49eaa4801af81f0a670faad3cb0cb864f5fa4d4c72c6c2ed5b57b4d36ce5b9b8601547c23bb37eca8f99ca30e0965988c5b73e78e28f149e3fa85edd5f5ecd7771f14b33727a9d80a5028ff00573bdd369e38a0223a3c567cd2c92329732a213bd6bb5029db324071c943decf15a20795b9c9d23886ecc7dff957df254c46ec6a59259652ef21791b76661dbdbd8645b81519114d5ba13d8fb602520a988599c2d2a76247f0a6552660d327d2edf8405dabc8ec6a7f8664e385070b364b2acf434a2d403f11df6f0cb88d9a23cd7e8da3dc6bfe60b2d1ad11e496f19b6882f258e352cf2b172aa91a2ad5dd9be1cc3d4e618e365cec188ccd747a7d9f93f5af235f7e8ff2a5bdc6abe60bd8e3b987cda90dbcb68d6ec79436d6caacd25bc734aa6daeee2aacadc24e4b1f0cd1e5ce731b97a621da431888d91be66bcf25dacdaac1e6393f485d6a723dc43a0db4a4cfa7add3a5d5cd9bdf21e260fd230adc40abc7d2e3c938accf87069252dfa32e6997967cc7e701743ccb67a068da359dc0b892d6dae254b7d435091c92f3c7717459d216958bbbc8228e5ff65cb279b16289e13224b175bfe66eae5af6c7cc7a1da42f37c1ad6972dbbdb5d3b3a850eee8cacdc9578f25e68e9f0ae640d0e398b8c938c12c87cbecd72b7f3f966ed84f7d3bdcdf5aea73bcd25bc8d0c704922c2815751b44b44a25bc9f1c52449983a9c32c7f50ff003a29e458ef9962d02e2cff004d6825934ebb724d9dc47e838018c4b7f6b0b334a9a75d4e0c69ea85e137a7c3e09733741ae903c1275fabd1c243887360ba9dc4372de8b47c241b32914248cdf0cb6ea25a7add659e9f60a54cd1aafb13fe7d732202dc1cb2e811e22b52ca2d99781f03d89c9b8f64a3e24910d1baf51dc621a32157f557c078fd385ae83fffd2e557d3b7d953b75cee4bca843db5ab4928ad038ee476c896c09948cb184541bf4247801d314153236e4b5e237a9fe38a56382a4f6f13d70aa9f27d88029d18e2a1584a9521969e1e1bf718534a9c3c18127bfbe368a69854927e1ee3bfdf8aa93c018122808fb47f562569a014028cb5a78e0552bb5aaa9ad413d3be10a541636a0a1200f0e9f457156ca8fd9a723f697c7e58aad209635ad76a9e80f8e1416cab05201a72dabde9d71a4eed852c2a3a7535e9e1d7164e65e55e4003d876a76385052cd434de40cb12f19577049f0ec72ac98edbb165a347921ad99644a7d86ad1969d08ca385c996ca8d12d6a549ee57beddea3088b592a914092c74aeedbd7a1c980c49536b7653c1fb8a0247861a5e2657f975e6b9b46bffd1f73f15adc1a75a053fcdfd7359da5a119e1fd38bb0d0eb0e29dff00094f7cddad25fdf2c501ac107526855e4ff9b4660765688e30652e6e5769eb064343e9637c091b7c449f9f5cde00ea09435e6a0b6ec2289d24bba02401c95077e5e2fb7d9c980848ee19ddda4763248ddd8d37c9150a2ebf185652c46c3b0a656ced6b212b40491f2eb4c149b55d3ed8bdc0afb7c55e99111dd123b32a8add520002d09ea06e0e67446ceb2477539c7152ecd4500ee362001524fd18cf93662165e85e56d2f4bd2fc90b2c26ed7cc5e6948628825bacd1cf2dc15934fb012480ac1244be86a0cffdd4f1b4ab27f75c5395d66733cb5fc312f43861c310111e6bd4afbca96abe5dd275277bfd4a3377adea0b2990c7ea8a98ec56816d6de66691a36e3eafa1c5fedc9c96fd26213f59fa47d2dc05b07d1d6decb5088ac4b2470bf258dc72f52a2947afdafe56ae6d6816ca7a8eb5e61d727d725d4bca179a27d4bcc1631c57971ab4b0fa76b2c0acb2e9d2732e9f57588894c5c55a6e49fb11be6932e9ae55206e3f4f0ff1340f4da5fe69d46d6ff54b5905dbdbc361a741a708e761ebc8cbfbc93846d491424ae23f8fe3fdd73fdacd96862444ff0048b66161b77afea5a7dec7369f2c96735bef15c2d5262c0ee79fda5e5fb5991905ec46ce44a00f37b1691f98da4eb9e5bd32f350d2eb26a8d7169af3c11a4b25c342c904b10e463f42274952f7e16f87d1e31c7cfe3ce7b36038e640feb45c6946b62f26be5974ebc9edef8033d94d3d8dc1a9662f6b2b441c31fb5ea22a3f2ff2b3a0d14f8a00ba6d5428d049afb57699888a4289d0a9dcfde3366274ea7c1dd4ecee6e229bd452680f8d0d30d9293000330d32f9de304d09a51865d1759a814530e6bfe4fdd92719ffd3e531406698126883a577233b87990114ce902f051c88fb4fd4effd302da1b67ad4ec4ee6bb9c55552aa877f95775a62ca9b157af03bd3ecefbfb0f7c08a5862009ad7a6e7b53c01c36ab1092370013d7dbe8c36aa88e40a74a6d5fc702af0d1beec286bdbf8634ab5d80e9bf61bef85017aa00d5a8e2de38a546e854aa8205373efe18420851f4c15dc11ec30a56fa45011d141f876f1c0ab5a9ca9d2a773dc9ff002b0b125bdb634dfbf862905b0ac075e34e83f0c2a5cdbec37dbbf5dbc3108b532490491515a713d7148284bad3849219e2611ca3623c476195ca16db8f21029463662a236a2b83bad295f0c8014ccefc97c60249561f2a6d4270b1b443c3ea4751d5457e75eb856d0b1db1b89d1216e3229e464ec1475cae4ce240dca7689f0d05549e9efdf1e15e2b41dfea2e8a60b67f881e324ebfb27f950f8f8b634136962718633f0822b5a0efe3bf5c349bb7347348c4f2a446b427634f0a6242daf31a2809d29d0fdac8808b52915a942b4276dba6f8909b4c748b30d2f60077037a9e996628596bcb96832130f1f878eca397ce9999c0eb7c4dd0ab66da85d5a696032fe909d6195d012442b592622809afa6b4e9989aa9f0409761a18f14dedfe5df2c5dda5d4de67bcd3e68344b0b796482de6bb97d08a258587a96d652af282e825214547f493eb4ef1ff2671c67c47cc97a1a793496be64d5f57bbb892d64bad735595a67b6b28ccaecdb008cabfdd44894556feed1173a0c7c308017b06fd8065c7c95e5ff002fdb457fe76d44a92aacfe5eb2753732b548092cb193c234e5f17a1f17f3c8b844b24be81c23fd525fef62e1fe6b8cd4374bf59f334be608ac7c9fa4e9167a4796ee6eed963d3ada35692622550ae5e9f0c8bbbf2abcaffb6dc711a7113c64dc87f12f864024964375e7997fc4baccf736ba7ea1a6dedecbeaa5dda2bb7a76efe8c74900e5f0c71a95fe6fb590c7a68980e625fd12d90c7c51e74529bff2df957cd3371f2a5fc7a36b43913e5ad50bf196a0b72b6b93c9a247fd85979c68dfcb9297898fea1e247f9dfc4939658f697242794b44d4ae3f497936f34a81f56b5b88b55b7d2b558a49489a0530dcc4608e48fd7e76d2adcdb7a727a737a2cdcf3035b528898e5f4b294af7098fe65e897cbadc977736535945e61b25bd8a0b98840f15ed92adb5e288d5a5545914413aaac8ebc1fed7daccaecbca0c4c7f9bfee5d5eba246ec02c34db71c642e256dc710dd08cde44025d465c921c9321042472520f66237a65d41c3e292bd94b2248a0315de848df6eb930d1905f34fbd79bf9d7af80ff82c6dc6e17fffd4e6b214b7402320f6e59dbbccda0cc81fa6e3b9ec49c0ca939f2cf94bccde66b89edfcbfa735fcb6c15ae783222a07242f2690a8f8a87e1ca33ea21885c8b6e2c329fd2dde794fce161a95d69573a35c47a9585b8bcbcb550b214b427889fe1255e32df07c059b9725fd9cac6bb11176d874b3e54af3f937ceb6757baf2fea5024639339b597e103c4a82308d6e1fe731fcb64ee49a72d14a229e39229abc5a09236490311503d361cc557e2fb3f672e8e589160ecc0e220d28028cbcd0d57714dc13434debbe48482384ac6961e121770163203efd09e95f9e48145170b8838d4caa3e22b5635e9d70f104107b9101018d65047a46a438a71a7cfbf4c1c4168b42ea10ab47e4b2ed181b0ad69f77cf1e20b45b692105c735fdd9a49d2aa7c0e20a0858518134daa39efe186d14e61424761d3c7c6b8da14643dfa0068cc7af86e3240a0ad0a5015a8343dbc30a1750eddcaf71d31568a6e015ea2b5f7c2958e3c4f26eb5f7c34ab39956007d000ad7e8c056d6cd6a922f30bc5fc4786022d9034a263916b5236e8d91a4f12e0c51395081fca0ee7010908ab38196bb72964d8aa8f8853f5532046ec81435f6a45b9c36e59517e19275fb46bfb287f97fcacc696a05d072618081654224a85e0b48c5050f4ae5d12c24bbd3000aed5a0e9d00f6c930b7156a0256adb7235a8143d7e9c516bd828a90294efd30aa9aab3399390a76f7c529de870aaf234a114ebefe197e00e2ea65b273246bf566520312095af6af86653ae053afc9d94dbfe6f7966598f18de5ba823af6792d5801b77f0cd476b47f725de765cfd45f427e6935fdc79135392075170b6b72577a25237472587f92899c8e932714acf493bfc91a34f9f7cbde7cd67cbb0cf676cb15ddbdcf169083e9dcad13fbb795055d47ecc72fc2b9d34718244ab746a74b1cd1a248464f79f977a8db43a9eb1a16a7a025f48e63d6ed9dae209265149414732a0dfed4548bf9b8e1e29d911959fe6c9c68e09e3a0082a9e5bd2fcbfa6f9ffcb5358f9820d534a5b892ec99505b4b0496f6f24a15c1251838fb0ebc78b7c2cb8e53338e4243fd2b3329189045154d007920e8f16a5aeeaf25ddcdca3c9268d6cdc270ec7759a4a7256e27ec42bf07fbf70d64ba8d407f39948e41e988b4d65f3a6a169a46a09e4dd0acec2d34db7171aa47200ce6ddea0b485899656e4bf12fa980e18c48e226523f4c9a278093fbc96d2fe18b09d27ce7e64d4bcf7e5cd57509925b9b5bcb6b3b529188956192609e8a81f115fde32fc47f6b29cd8e3c12db9db9b1c6210a8f47abfe6add5fdf794e05b812cb7de5fbf8269a7303448d0b492585cac521f865855e4855e9f1fed366b7413e1ca3cdc1d40e2817cf1aac32e9f7d242a4f1ad524a50b236e3e8ceafa5ba41ce965aeb1346df13554fda14f13b60e221998829ddb6ae93383f64d454d76cb0660e264d2f714e3f488ff23a7bf4cb3c40e2fe58bfffd5e4f2c8a7727983dfa1f967696f3c62dc1192d5228a77e3df6c04a814f5cfc8ebcd274dd27ceba9eb3aac9a2696b0d8dacda9dbb15961695e4e25085929212695e0d9a7ed5b91881cf7761a1d812ccbcd1aac5a6695afdc6873ddea3a8695a069e9a76b774c6e2e6e0ea978f2c5cfe00d270291b22f0fdae3c7357088240972b73a44f4e69737e6079f2d6dfcbfe59d6b56171e70f345e5bbde580863864d3f4a96455f4dc47c78dd5c2b7ed7f749eaff002af2be58b1c8c8c7e8830e39002f995bf9c51ddf936f6fef34742badf9c659daf3cc4dc59eded6d91112c2d81afa6ef1d19e4ff8c9fe47a6e9471ed2fa63fc2c734b8771ccb05fce658dbf33f5fe2d510fd52df98a53f7769157f1ed9b1ecefeefe25c3d5fd4f44f20fe5cfd66cff2dfcd12cb0259e91673bcd65e9979257b879261296e948d7e2f8b97c7f6735fa8d41e29c7a48ffb97330e31c313dc11377e73b6f28f95175c834bb5bdbd1a5e93c6391444395f4f73231760a680469ea7fad98b8e06440b6d9c80dd22f32e83a3bfe73685731588b5d36fac22f316b502465a25168ad2c84a81d5d9214229f13ffad9998f398e2946ff00a3171e58ae60a6b6b676b6ff009d3e68f2c5e42134af3ae9ab2406445252592163c46db5089cf1fe6c87113841eb8e4ceaa647f3825fe58d2b42d4ff0032ff0047dd5bc53f94ff002f74f8b4b6926893d2b8be62223248b43cda59fd5a2b72e4d0fa9fb593c9294715dfaf29ff0062c63112957f0c18ade7e5c16b6fcc3fa86973deeb3e5ebf861d0ed2df9d1639e7795cac4bf6d7eabc1429fb0bf12e64c758622167d32fada3f2e099243f987e52b3f2b6b50e936d2cf33b58dadd5db5c95e6b34e18ba280071450a36cccd0ea2594132ef68d4e28c0d0621222d4906849a0a0afd19b205c421be3dc9a0a5083ed858d3407876e83a7f99c282df1d88af235ddb7fbb0a169001a8ebec3ae2154a40ffca2a3723dfdb142c6e3504eccdd295c5217508207875ff6f014acb7556b83fb410166627a57befd0644b21ba0355d5a6990c163c840792cf749b33103ec03fb287f68fed66af59a9db862ecf4ba7fe29052b48ff7b0c4cbc528ca12bd00a123fd553df30f49bcdc9d47d29b04e345d8003b74a7b7be6ec0752641a6af10b404788c953025ae1beedc791ee3bf862a1a23b03403b1dfdc8231a505b48c16a907fc9a78629b4f74d45f40014001a9a0cc9c41c2d41b4c98eca682846d4ee7df2e70ca8dbde3e93add86b313b4526993c779c946e110912d077fdd16cc4d762e3c64793b0ecdcdc196ba3eaf81ed759b15e244b05ca2cd1dbffbae68aea32d2a8ad2a9344efe9b7ece797e0ce71ea258a5dfe87b5cb0b80907cc3e67f2e5de83aedd68d707684fad6d735fefad6427d09958fdae48bf157eccbea2e777a5ca27012698cd19a548f71e40d7ac1e658db4ad4ed35140e78854ba436d2b1aff0094538e5b2a19227f9c385a329fde03d0b109b4fb4982066056e42bfc66a1abdabd14ed53994dc1170d9c90c90bdbceb3bbfc524912312a5a954955e84ec38b71c886c8967fe40b15bdf334968f04860d66caeb4cbe91519fd1f522f5a291dd7e148d4c5fb7fcf946ae5c3107f8a2449c5d5570ee581dc44fa56a68b3b3c77365731a5cb05e2ca6295433aff95b735c8e5fa7e0d9097142df4e79ac19b4ff003142a2792de7b3b9fac4cd37389265b3173138b7a7c054205571f6dbfcbce7319a98f7b8f560be79f36e950ddfa8f142b1dddabb74fdb41fb3f467718c5c69e5f24f8664f479fc8d1c531f501e04f423a78d32a90a72a120539d2e2d32e54a198c0db1e47a75dab91891d5720956c997f87af3fe5a22eb5fb7fb3fcdf2cbb862e171cbb9ffd6e432d515a5505dc0a20db763d8e7661d012f608ff237cbf3c50ad8fe6369a6f4a47f58b79d60251d94160a56557fb47e1e433507b4725fd0e77e5607aa609f913f98cfe5db8f2fe9dae6897ba3dddc2de5d087d58e59a68d4246b248049fbb4039055fdbcaa5ae899f14e2789b069c88d44b22d3345fcffd27506bb9b46d2f56779a09a668ae96d8ba5a40d04102f21c5234e5eb7d966693f93312670cb97145be22639eeafabebdf9b97775a75d5f7e59053a6ddc77cf25a6a16d34d298d59046090186ee1fafd94e391e0c5fce3fe9595cbb9845c5af9ccf96753d1b57f286b37b15d6b2bae58ea3e9132dab3ca1ee4329259eb1fa88889f6f9e5a0c01044ba351e2dec245e65b2935bf316adac3683e6476d4eea5b94b65b2f4422b80230cccaedc82aaedfcd995a6c9c11ae2834e68f11ba29ee8777add9f99ecf5983c9fe611059686345d36d9a066904bc0a191cfc29c49666fb394641031238e37297136c0c811b1e4cba3f35da7e8f9edb58fcb5f30dfdab9b48edade6b349108b084470971cbe13ea076e8cbf1662f843f9d16e323dc9427e60fe65da5ceb7a9dc7967551e65d5da28b468bea4d35869f650904c5fb2f24b2fc5cda9c7d4e2df6138e5e30e33552dbf89af8e5dcad79e70b0d4fcf1e5bf386a5e5ff33c13e8b69f57bb48f4b668e59e8db9a1e7c15a47e1419110a8988947d49e2b209052fb4fcd3d3fc97a3dcdbe9ba2dddc6b1ab6a736a7a81d6ace5b38fd299d9e28e2ebea3c7f046a7ecab73932cf04e422c8a8840908f21cca37cd3f9bda469c759d67c85ac5a5ceb3ae5f69dcad5a3691d12185a3b9768d82f1e23d35e5830e925220487a45acb2446fdec47f3e6e12e3f3435155704456b6423707e16430f2e487f6d79311cffd8e6c3b2f6c67dee1eb3ea79d3900d2b56f1ed9b6708adda83e21c7f689e9fede4c30729a30a6c7dfc7c70a0b608ef51514f118b15bf10a5763d49f962ab282bc7aef5a75df24ab37dfdfae050d3ad00e2490c375c052a51c4cf6ac0006398fef49eaca0d02ff00abfcd902cee92ffd0b748dc6094ac5b00a4722169dbe5ef9aecda124dc4bb0c7ae007a86e8eb5b15b76f51ab25cb800b1e88bfcaa3dff68e4f4da3f0f73f53566d5f1ec392354231d8d4ef5aeddba666d38b6b288a38814daa3c4e1a62d1407a52841a77dfc71a5b5a47c45ba93bfd030a6d5212145002ab5ad4fdd8d294f6ce88ab4208efdb8fcb2f838794a25aa4803a8dc0ec0ff9f7cb438a5a6894bd452404152a7e20411420d7db0d0281231361ec5f90fe7ab1b98a2f24dfcbf57d634a5ff706656f82f2d52a42d4ff00bbedc7c0e17ed47c64e3f6f384ed9ec58f8be2f71e27b6d16bce4c43dcc9bf367c9165e63b4b7682782d75c844d258fad20689be24f5629107ef0dbc84ef345cbeab2bfa9f65db069354719bfe1fe26c36f0c835dd7fc9fac5cdab592c0eaa6deef45d4e312c3283f12af261475a8f86452fcd737e3832c763ff0014c2404f9a362f337e5d6a51aaeade53974db83c945de87706245045797a1293175afece038320fa67fe6cd44243914c34ed3ff2b6d236bb17faa79811ebe9e94d08b260283919e68cf22aabfcbc307efe5b1e187f4a3ea64653e41bd63cdfe67934efaa692d17977442a638ec2c1389f8406e52cc793bb538ab9cb21a78c4dfd72fe9311807397a928f22f97759f347992156125c2c52096f2f251c837160dc4b1daac7ed7f9194eaf20c706d3300507bc4de62d235bf2e5e799348bb80797ed2c2f527b878b84b34d6f1496ef5af178d10f1da65f8be0e09fb59cf8078806a7894c617852363595628c3c8372d22a80fff000d5ceeb172791d5732c03cc9a3186f5940e68ff1455eb4ea7e9c73c7ab2d266da98dcd0cb11e22a686a003d3c6b98927620b5f5dbefe7edc7a1e9fcbfeae0b2d941fffd7e52b13350a814a7d9a78ec7efcecc179f2136e30eb490412c30a6b70aa456f2caaa8ba842bf0c50c8df612f22fb10b9f8678fe07f8fe2cc638c40923916de31214505a5dacf3ea76ba7580367777b731da47c24961e134b208c7a8236523831abae4a64081245d04c2c9a069ed3ac7902fac742bf9bc95e78d6758d5f46ba82d754d3beb958e59a40abe9404f1e3286914a2fa8cbfeea6f8f34433832f5c4709767c040d8a95ae81f9ed6da5e933c9e62d42df56d5f51365068934c92b41188a494cf7337ef02fc10b3fa281bf76cbfeecc94b260b351d80470ceb728df346aff9ade57b5d3ae34ff3cc1e60b3bcbd5d2de416f0318b5163c45b964e5cd397c3f17c69fb79563f0e4688e16478872dd3ff00334df9f5a268b7daaff8974ad452cb89fa9d8e9cef772b330458a34e6e39b336c2995c0e227706994b8a9268353ff9c819e7d0ed9f588aceef5f5b99dadae6c628dec6ded0a06967eb40c245654fb7c9b865b2f041340901ac789b2cd7fcc5f9e5a6be9d368baf43e6eb1d41645b4bad22c22752d0b0497d5a19100ab0e1309387dac710c26f8bd2ca666396e8c5d53f3d60f352f95dfcc760665b24d4f50d465b38fd0b2864665e3212c9cfe38d9138f1e7f6fe054c811888ba29f5da8379abf3fbfc723ca0b7b60fa93462e9275b41f543664d3eb5caa64f4c37c1c3edfabf07f958631c5c3c46d4995d2ed4ff0030ff0039b46f355af956f74fd2fcc57b74a27b310c4f1adddb9d99e362c522f488224f53ec7f94acb92863c72893bc69067206a907e67f39f912d7531a77e60fe58b69fa984f554da7d5ae15e19491cc490b425833a386ff002970e1c1396f0930c938c7ea09598ffe71a358b24d362d4eff00418637696d2397d545b66937711bccb30489c8f8a2e7e9f2f8b32630d563958dff00dcb54a58a628979cf9df43d0b43f313e9da16b2baee9be845711dfa70215e62d589da3f859d5555bfe7a66d34996738dcc7097073e28c4ec6d8fd29bd4135e87a7cf336dc62db54b11427b107c7dfdf0b16cfd3b74db63855a34a540afb7862ab3715dc063dffa8c3685ae18b331e87a0fe38aa1a76022a9aafb78602ca23745c295b78549a2f104576ad77e990672e6aa4203b6e682ac3c3162a2128482b46f9f8e498ab9897825388515e9d46d8d26d4b8854048200da9d6b8adb5d2a06f5eb80ada9bf535f869435af51e27db14857b65632855afc5d7b8c310891a4fadc5005ee360065f170a66d56307d452c36de9fc6b960692a82090b92c687c576ae16b012ebdb1b892ee1b8b1b87b3d42d9d65b2bb8c9568a6535560474cab3608e48d172b4bab96295f38bd2f42f34cbe69bf7bed5aeae34afcc5d3e07104c93a24734342b18b18cac954f8d9ef228bf7d2bf1766f4be14e5357a39613b0e2817aad3ea6392360b37f34f9934eb8d3edf4df32689fe24d2ae152217da4c6b2bbdd3960ec90178e448a678e64b76b695a66fabccfc38f0e5858a4626e268b7485862d75f93df9673dc47f50f3549a79b82ad05bcf306da500c6b199977e5bd179bff00c2b66747b472f516b4426f6bf967f97fe57b56bad6bcc01d7d21788b2bc6e0db0217eb023851cc91b3b28e54e3825aecb3da21959455e683f949a64c3eb4975a94d1a995a31cd14aa7066a34c608d82acbce48939baaa4bcbfb96c80d4e6624a2751d6a42ba2a797ecc59793b538da4177a7a07b92d11abc33c7c5fd4865b7e7711c500f52ea289f8c89c579e319124f11f5050000c03f34bcc490584de53d365437778e97de7992de3588215e22deca5f4d990dc337fbd327f792ac4bcf33341a6948f19e9f4b8f9f3088a79541e64d5ed64787700ff350f7ce8b14cc453a5cf8a32368e1aa9d46d385c47cae17e25914f4af5afcf2ff001091bb8be0889b094cd02924f73d4f5f6cc6945cd8cad09f549bf993effc7234d9c4ff00ffd0e476f212d567ebbd075d867600ba331a572c9202ac9c93f694f420f715c28a657e53f2e5df9f355b6d12dee20b1d77667d41d5985c5a253999557add5b295f464ff77afc32b7c3989a8cbe147880b0df8602668bd07f323c8de60f227942c6cb48bb8adbcaf657304f3de0919753bcd5a470229df8a88d2185b87a51a3724e1cdbec66ab0641972dcb99ff004ae6e48f0476667f96fa85fcbe55f298bfb9b8d4357beb1d535589a67f5269bd329147577df970b9409bfd9cc7d446a66be90d98c93117cd8df96b4493cbfe5af21f956fec1cf9ae5d4ee35e3a22c90a1e56f14a6b348792aaf264e0df69a5ff0055b191b248e55c2902b9adfcccd6b5bb3f2668fe62d66c22f2a79f1f5366b08ac250d2b5b88dc4c66ea927ee8fc5cf9fef3d3fe6cb749884b257d51a6bcf22237d53ef2dcdae4eda76ad72cfac6b5a67945ae64d289025be9b5294c8a1f97c3c5beae17fd66ca32802440e5c4ce06c0279d243e7cd6bcd1a5cbe418f4caf95356d42dfea171e5fb411fa302c97702f15400aa093f659472e29c7f9b3234d8a3213e2df8430cb33122ba965df983a64babf973cf767a64125f6a33cba76986d215aca235f41f89dea63e3712c858fc3c39e6263204813c9b8f254d664135c79ff00f4286bbd6b4bd12db4a8ad6d41f592430cd3a24647c5c89981f871ee2795a9e497695a7cda76a3e5e9ee658ed74cf2c793da1d78b922f2dfeb291f00abf6d5ff00d1646e5fe464e47735d6480f31fcd99f4d9b4ff259d32feeb57d3069334b6dad5f1e5737293dc2fc32310adce0f4c5792ffbb17363d9a379387ad3c9e6d514dfe103bd2a737a1d62d5548d78af1453534500549efb6d8504ad6a1fb55a1eaa7a7d2724c6db0013b7da0450788c2c5d515dfe9ed855696a9a850bb6ea0e2ab0b02a40d88151dea462858efc86c09ee7b6ded8550b78494eb4dabbf876fbf049b21cd318682284f2ad2350453dabbfcb20b23bb88dc0fb24f5c2c4b55e400ad69b57a75c28441954ad0815076f03f3c52a3c41141d476ebd30a161000f87b9ae34aa90c51b125e9c545476aef880a5196612305788527fba6f0f6193029a49b4621e23ed0a83b1eb5c98692aeb74a50d684a9e276ebeff003cb22d525d1dc36e695dea0f87b61614a4ee049bd413dced5f7ae15115ff0054b7b92f15d46b2491b092d64466496361fb513a90e8d95e4889737270659e3de29df97bf30bcc9a0bc2897e352b3b5916586cb56884bc1d22f41425c45c64f8213c5392b71ff5b353a8ecec533fcd3fd17758b5d2a1b236f7cf7e44bf9a3b9bef2dba4d058ae991c363a8a2c0b6f17a8b1715953947224734a88df6fe3cc2fe4c9815196dee7246b227984e1ff333c8fa949a1cf7da0dc2dee8568fa6c3730df451096da48bd278e508b574603971a7c0cdcd3e2caff92e609a9360d5413287f32f4b48adcdbe99f5e9618d23b396faf59e86dd1a3598a469f0ddb44ed14d2ab2bcf0fc0ff6db07f254bac93f9a81e452dd67f34fcd26dfead26a10e9368cbb41a25b082408a0aac7eb4a5d8044db9a22664ff25c23bef23fd271ff003b7d29e75726de530db69507d5f4e24c92c44f392590ff00bb2690fc5239ebf16664234e1e5c966ca222bcb7b6609716d0c841ff0076257957df33b18a75b94f172299c31e873a7a8b0adbb9dc841fe7b664023abafc91c8391416a1e54696b269f246df096f49cf126bd789f1f6cab2401e4db8357286d2487f406adff2c4fd787f6653e1173bf3b07fffd1e3566de9a05622951c477dfc73ac897513168f57523603dffdbcb2da9b4774955a077866afc32c4ed138ff00668436f8080763ba412393a4b9be202cd7971344841486696495436e2a15988e5b9f8b223140720126723d531d3fcd1e64b1bab7b9b1d5aee0bab55f4ad251316f463a50c5186aa2c447fbae9c704b06390a311ba46490e45b9fcc7ae5c6aedae5d6a17336aeeeaeba9c8f4995907c0108a0454fd98d071c63a7808f081e9596691376ed5358d6f5ad425d4358be9b52bc65f4fd7b86e5c52b5e08bb2c69fe4aae186084054453096594b9a2ac3cd5e65b1d41752b2d56ea0d412116b1dd090b3adba8a24346aafa49fb094f8704b4d8e42880b1cd31d546efcc3aedd6ac35ab9d467b8d6519193519581950c55f48a7eca7a64d538afc3863a7c711c206ca73489bbdd1fa57e64f9f345bfbed434dd6265bfd4b89bf9a755b8f5595422bb2c829ea228e28c3eca7c395cb438a400ae4ce3aa98ea86f2e79ebcdda06b536b5a66a4e9a8ddf2faf4b38138b8e4c5cfacadf68f23c95bed27ece4b268f1ca3c24263a898369ae87f9a1e69d27ccf7fe63b868f57b8d623f475ab2bcda0b88541f4d0280c2210f26f4d5437c1f036553ecec728088f4d7f1338eae40d952f3df9fef3cdfa85a5c4ba741a4dae9d6c2d6cac6d8f24442dc9dabc507c5441c157e054c969b46315d1e26bcda8e362c5856a4ee77cce01c6254d48dc9145afddf3c2c1b6a8a03f64f61edd2b92a434c43f7dfafcf08436431af4f7fecc55650151b6fd7e7f3c55a62403c850f6feda61b42d6507ad41ec01c5505754e0c194d48efdf04b93281dd338cafa4a828c38a8aee08a0aed95b32d1e45695e9d0e4981701c9f7dcf5db0842a053f49dffdbc2ab40fd902beddaa3a6f8ab414b3554d41dc7d38508886321f8b32861b52988448d05592d4c4e1b9720770ddf2d718c8da251c2a862bbb0a6c2b5ae10c49568edea9c98866a7c23b8ee76cb03595a953cb66e75a05a6ff00761a6376dcaaee89222fa9c373dcec77a53be2500efbb524df549d6695d618a541f1cccb16d5f88fc441db2a94c01bb978b14a5b074fa8f953d42d05e2cf28aa490c6924cc41a519788e3ff0d98d39b938f06401065b4a9d87d56c6fa6924dfe210c0169fb4a5d9b957f978e54647a06f88006e5b82d2e8bc8d6da5d9ac91287a5ccf2cad4f0454e0bfeb72c3eab66670a56fd3dae5a29290e970383c814b676646eecbc9f76ff005b0f095138740ed4ef8a448da80b588deffbcd7d6cf222f203759a19397a4af5fef51f8f3e3cbe06c8e491157f4ac6319581f52274bb69eda05ba9d38ac9f618efb74a822ab8206cb8f981029d75764d03a06a6e2bd0f8fd19980b8220a76fa8d9f3f8b9407b8ed5277a64b892715f2457e94e15e1256315f8bc69efdb01986b1a73d56ff8864ff27ecd7071afe50bffd2e26eaa54cb15780e9f3ceac175442b417868430aec3e1f0f7c982d64225e75200150295e5dc649890b5e5a1dc135a509f1c34c5b592a3f8e155642ccc01f1aefd2b8420aaab115a0615ebfd699262d7a803541ebdfc698d21609e27fb44541e84d315773420efb0ad41f6f0c09a68543823e43d862c958fc4057ed57a835a118505b606bf6aa0e160b3b53e9a9c931530d4143d0771bd2bb5698a03750a2953cab5ebe3fab0862dab0a518f2f034c2ab49dc372a1e83bd3df2415a23e0041353d08efee7156c29ef5a0efd702a93904509aaf87cba62c50b7647a7423e54c12670e6992211c547c255454f5ea3201996dba57a0e95f0c2c4b51b0e5b54d3b11f883858a20c6389a8a5054af7c554483e9924106b4192435c943034e449d88e9518d2dab476aeff0017abd69507f1f964806b91a4cadecaf230636e33c4a2b4522aa3ad77c9b49920e6d56c6d26914c1753cb09e122234291ab1de819896d87f939464d4c6269c9c3a33300dd2261d5aee4815e3b1b38c36cbeb5e96200eac52351faf2bfce93dcda7b3e3d4c8a0ae6f7525769a2bab446634668622e6bfcca5d8efdb13ab3df151a480fe12a4e92cf685e6d42e2494ee55a5110046d4e11f1c847383ccb6f057d3103e0838e3b38d39fa6a5b62d2c9f1bfb559ea71f123d5b44647dc995b5d83191c9112bc97e20aa0f8d0611962c2788a9fe908a1b852f20e20d7929ef84e78f786b18247a372dcd8462664ba0ce7f76bfbc02aa7bff00ab83c78f7864304fb902821e4c5a50877a333035a7eb391f1e3ded9e11ae4dde5cdb9b7b60425cb4355f4c9a801b7195e4cb1ae6886295f55b0dc7a008d322b9d2a522afe9bd627f13e9b724e3f4650328e8de6123cfd5fd64ce26d527023b96b55068dcdd25888f75f4f92fc5d332b0e591e6e1e6c501d0ae934dbd5884af6af7116ec65b0912e48ff5a262922d3e597ca720397135c040f23c3fd65086ef4ee0512e78bafec4d1b464b780e5951cd11cdb86191e4abc62ff007f47fcdd47dd83c7827c093fffd3e22a250485047883d09ceac3ab910bda0903fc26a68361df254c090af14123372a90cbb81d8e4c35128b10edf157a74ef924392303dabd0f87cf0a157894209e98af25ae6bfb4401e26bbe498ad6615a74af6f1c690a0caa472a50935a75c592de2b43dff52ff5c52ba885d58350d7e16eb5a7b62aae18abf2fb03b01d716255564527604fcf0b12a6c5694edefe192605a003034a54fe3f2c285a40d80d81269fd30a1781b02bb927a62ae5a53976e9c69f7e155a76248da9d874fbf156abb8dcfb0fd7895b68b503540dfa9a74c5084bb2aaa42753f081e24e02ce2374cc0e2516ac5b8d0d7c478640323cdcc168762be1423afbf8e160567204d77a0d864ad08a44634aeff3c54ac6a22b123d80276ff3193a60a1043c9d439dbf64d7b0f1c4a133822551f1514ee037cbbe18a24e722353ce43b6ed4debe046581a77619ac066d72fcbfda32292c0ec7f76b9ce6b0fef0bd26987eee3ee4305015b8f43b91df6ec2b98a5c90e7059773c69b506dd77c149a530bb0009a01b54f503c7014ae566086b5653d89db7c0a1706e468cdd294f1db02569502bbd286a37fd78a016df83af2340dd396c08f9e2a54d2b4e0371d687a7d183642f15054f8787eac149051293304521e82bfb24eded84146cac97f787612ba7f29e468327e24bbd87047b95e3d675586af15c37271f19d8ee3be5835393bd07040f4523afdfb962c51c577e4bb9af5dfb6096aa6799b51a780e414beb727fbe93ad7b643c7932f0c3ffd4e50d688b5e3427a9033ab0ea0af8edc3055048607e43efcb435d95c91a46c450721b0ef43ed8516e74a32953b927e63e7920c4b88651c69b0ee3b8c58adad5b9fde6985549880a0546fb85efef8dad299dc0a529f3a6f8da40585b7dbb753ee7ae29683576a014ea30a5b4553252bf10e95e87db0217bb350d08af404f5f97cb0862556035a2d40f03face1634dd4ec47d3fe6726d6ee3415a0141b536db02a9952ac48f8b91ebed9262e4068082477dcf6c55be67883d05683e58abb9302031017c2b5dab4c521dc80a2fbd7eee98aa9bb57626a77277a54e14212ecfeedaa09048a0229d4e464d98f9a6a7edf5d8fd9a6e698024ae760d52bb28f1df7c581532ce1b8a83b9dd6b4fc72485746e2500a83d0f8610a5730560d450287a1ebf7e49ac95a9c3986ad4015514af4edf3c5555bd6e292d361bb2f7a1c218da2cadbdd40f240c0ddc6a7d5b3d833af40d157ed1fe64c971530e137b7260da989cea97934904ebea4ac4930c829d38d76fe519a0d5c4f19d9e8f4e470016a044b4afa1700115de1929f31f0e61d1ee6ff8ad75909da098b11b7eea4afdd4c147b9363bd6fa5720926da704ec4089fa9da9f67ae1e0977238a3debfeaf7db73b5b83d8288643fa97138a5dc91307aaf165a833011e9f74e3a90b04b5fc463e14fb978e3debc69dab11ff1ccbbe3501bf7125431e8bd307853ee28f123de1b1a5eb1420e9b78eb5e2c5607343d3c30f813fe6941cd0ef0b5f4bd60383fa32ed6878fc50b035ec00fe6c3f97c9fcd28f161de1b7d2f578c17974dbb8c52a6b6f2507e0723e0e4fe694f890ef0b3f7c8bfbc8268f6a92d13a8fa76c898487448944f50b7eb1694de5404762c3eec8d167417a4913af507b90a6a0fdd8122d632ed45237dc77c052ee23c3022dfffd5e510cd2115e24ad2a0d2849f967540baa9854e658d0aec29df2e0d0bb99229b6c6b5e8df46495a2c84f204d7a54fddd70a0858cc12bcaa698582c2e1bab6ff00cd82d905267241e22b404d474c6d2148b023e2fb47a28db15a70ad49e9dabdab8a96aa69fae9812da7da0ddbb1f71df0a1598860578ec773b6d869890d0ad6a3707c70a045541e5df7a6ff00c3240b54b9b61680751b77c92b4c1c1a0d8d7ecf7c58b4c14ee0d48a7c3d30ab54dc7ecd0d49f0dfb6052d851c4efb83f452b854059b162389d8f5f6381696f135f84d07ed134a8a78604a12f7e14eb51c8127e9c49d9963e69b706515615a6fec01e98c565cd6f5a2906bd47f4c9302a540771b0aee6a695f96290aca2a4124f13b1f977c20a0af49232c4f0089d016ee47ed648b05c265af20a01daa3a0382d0bdeee43b50a96a041dc8f1c21697c4639287d3ab21f80f7192b47255923ba6505aea60e2a10895a9426b4eb9196312e698e530e4d89270452eae15ca94e5eab9143d80aed9218829d448a9c925f42c40bb98bb001e923548ed535c071451e2151fae6a051d1aee722450ad591b9554ed5dfdb22621989959f5cbf64e1f5b9aaeb491ccafd474effb3db2b21ba256adc4ec851ae262c475f55dba1d89a9c8d26d5e095483ea348cc7e16532310dee77ed8f252aea6079285a4e0772048f4af4e54ae4dad73471a494e4e51fe2ab3b310dd2a37eb8b0b578a1b4541189a7136ec2612b6c7c7afdf88412536b1b78ca7a7ebdd47707ab2cedc0d7b9535072c301cda4e5286b9d2e728519e399c1207af04122efdc8e35afd394cf0465cd943532894b66f2d699c7d46d3aca607a830f0e24755fddb2e547471ee0e447b40f79404de53d3a49095b131d37ff0047b8923dbc02bf35a663cb400f47263da27bd47fc1763fef8bdebff2d51f5fe5fb1d3fcaca7f935b3f9483ffd6e35632b344a41ab38a907c0f8674d8e4eb7246918242b550776e87325c55dcba06dbbd70ab5cc1ebd3f562ab1dc2d1882c46c6b92058d2c3206145e87ab0f1c5900a641a00a4b53a1e84e36ab59801c8ec761d2b43db7c6d5bf024ff004182d5ba788de95047cf155d18dea057b3530a15599bec1fa2992b52a64d6b563b8dfe8c50a88e4a8a1a7607bd3c4e4835cc2b8fe66ee3a0a50e1634b48a75d8aee48f7c285a6a09d8547862c4b40bd78d06de3d46290e200f9f80e9852b5b95366dcee7c2bfdb8ad2d79147871aeddf7c8a40415c90c1797504540f1aec7048a61b14d558972a37277615a618a24d12d5a03560053e63df26c161a07e1dc6f4ec314845414642a401bee310a542efd369b92542814e077da9d4612c16a3974e44f21d3e7914844c70f33cb72c7ed03db6ec7268b45c2a388503bf5c906322897094254efd694c93548a802bfb3420d4eddbc3ae4982d9136d8815af6fbb1484051964219eb43b57a93e39590df0698026bd00fa2b5ca64e40595003529bfd1819072b5082b4af5a75fbb1415e276a11d41ea3c71410b9ae66551534dfe135ae368e15486e252a5940e5fb258547cb1050629a69f79286525b9f1a6de18789a8c027eceee7901bb0dffdacb22e1cf62862115da371457de9d464d85ab25b7261f1562e9b75c214944fd507f32f862d5c4fffd7f3ee83a81131b773f129aa93d683b66ee192a5bb8b9216194239946e49247c2b9b11270658c82e14fa3c076f9e4b89870b5b9dc8f87c31e25a5a775dfa9ad461e25a53620a90bf878e3c490b0fc44d0ee7f6b1b5a6e876f1c6d4ae51dc50a9fb7f2c6d0e6a00454d3b93e186d5d150337b0a83df1b42a1e82a2a3b7f1c92953a02d461f103d30da15226dc30d8a6c3e7eff46105890ac8c1c5686a7ecfb61b634a8f4d856a46e09e9926b5849a05ebdeb85696b286a50fbd3a1c569a6f015f723b6150d014041a54eea3ae04ac707aa7c2d4edd07d1914a0e656aa37200725a8ef4ad7eec12641357af2e7b75240a74070c4b09ac246c2a0af751e3ef93b60a677f014e98db288683337155e40f5dbc7105242ab9620d4863d9bbfbfd185886a3228683debfc0645202304d25389a71a7db03df240b020222de6e47972a05f6ae58184822189ea770dd7e55fc3274d25614046e28be03b1c2c5b2be1d7b0fe38aa1a5b5064a95e44f5ed8086519529c96678b17fb55e83c0e5660de32f9a593a3005480c6a69d801954a34da26a42715e25496036edda9f7e4486c1baf595d94909c5fc07bf7c8db2d94fd49049bd4b114fa47b615d91b6371c64e128a2b743e1ef8031904c22710c95524804115eb4c93590c934eb94914a375eed5dbe596c4b819a3ba2beaaac0baff00c08dff001c9db4553712703ba5003bb576c90557f517f9bf0c2d74ff00ffd0f334ed24377eac7b30a3253db36726b0ccf4eb9f52da393a8a5481d6bdf33b4f3f4b89987a918d5a72d8f853fcfa664836e3c82ce67a03ee47534c2c56161b1a56bf68569d710ab410396e4b1ec3f1c912aea7114afcc74c55b6229bf4a7ceb8dab5c8d30a29a22801e8a3142e41b96a0208ea308285dca94afdde19252e60d515a93e3d29f3c286ebf09e238d7c7607e9c36857898952090587ed6105895e4fc14614077151b1392605d5e2aac4fc23b789c2c54ea3720f2df71fc315b6aabfedf862b15a0a9a02d43f6aa3f97db05b258ed4fb2f434fc3e9c49541ca2b344a0fc3c80069b6fd7016514d80600b74de9b7f0c62512536755d998004fd902b5ae48961c3ba916e327629d5a9d77cae594746e8e22af115550ea3954d096d8d7e8c94656c671a74a3e1662b407bfb786596d54a51955dd1aa2a3e01dbdb0242e56af42456a41f975c508eb42dc5486e247dc0ff00b5938163208d12292597607ad7b57bfbe5ae349b1b1d8d7c477c9316cd4d380f8bb13d295c5697835700d4827e16ef8a0ecd3003ab6c3665a54e028084b9b74604a75ee0e0a6c8ca90325b213402a2b527a1f9652439519ecbc41c54352858fc23b1a78e0a67c686b88f883250170d5dbb1c8909056c6e283e1249dea3b644a5318da883e3de9b546e705a0a22daf1aa37145f7ae224d7385b22d3afc18c02401b035f0efb65e256e14f1d236e4fc1ca335523bf5ff3396c5c7904bbeb73789ebc7a0e9e193a43ffd1f355c2486ea305295ede22b9b2916b882c874f6608aa2a07b7f1cbf096ac91f247866a8f88f2ed51d0666c4b89289b5cad27514dbbf8e4ac31e12d16e7f6471f107a9c2084701716008a0fa475fa30da88970ad0d371dc1dc8c369e12e51c8d41a576f9e368a2bcaec7891b76eff002c368312d50d072aad2836fc30db1a2da000100d7e7df082bc25b2d4624fd0475c982bc256d2951c8f81f9fb63b31e12d806b4a0627a57f8e36bc25563342003edb74c368312abb30ad4d0e4816b312b438fb2056bbefd3efc36c780b60ec0d7d813de98da444f72c7241e74e44f51de98daf09ee7024a9a1af6a537fa71b0bc25695eff0068f43ed8094f0943b926ee00df0fc42a7dab9127665189b4c0b10ec4f404b7d0300214c4a5b0deb5c179a401039fdcd3e13c46d523a6fe19aecdaa24d7473b169801e6b96e62e912f1507ed56b523ad72819f76ef0894e2d9d27854c74566d98ec7e1f1dfbe6df0cc10ebb3c640a85d42a8ceb523a0087a115eb97d871882858e3e259ba0ebb0ae02c844aa988fed000100803c31b4f09ee445b485488eb4a7d9f6c224c4c49e8998fb15dc01b31f0af4a65d121c4940f73a8bb0152773f4659618709ee6e8695dc7ebc6c2f096c1018126800ebe186c3120b62b5dc014d89ee7dce0b09112b7ed6fb780af5c4909e12a6ec8373527e595921be312a27850d7972ebed90243670950648cf5000a6565b044bb84017c58f403c3be46d970953e7415a74d81ad69f2c892bc2567a83957971a6f41951936460517697ef1b2b780ad6bfc3009d2cb158e49dd8eb4187c47e16ccac7aa0362e166d0c8ef1447d761fe71f865bf99877b47e472773ffd9, 'klien');
INSERT INTO `users` (`id`, `nama`, `username`, `password`, `alamat`, `email`, `no_hp`, `photo_url`, `role`) VALUES
(40, 'heri', 'sanjaya', '36f583dd16f4e1e201eb1e6f6d8e35a2ccb3bbe2658de46b4ffae7b0e9ed872e', 'jl. pembangunan', 'heri@gmail.com', 86464673, '', 'admin');

--
-- Indexes for dumped tables
--

--
-- Indexes for table `barang`
--
ALTER TABLE `barang`
  ADD PRIMARY KEY (`id`);

--
-- Indexes for table `invoice`
--
ALTER TABLE `invoice`
  ADD PRIMARY KEY (`id`);

--
-- Indexes for table `keranjang`
--
ALTER TABLE `keranjang`
  ADD PRIMARY KEY (`id`);

--
-- Indexes for table `kontrak`
--
ALTER TABLE `kontrak`
  ADD PRIMARY KEY (`id`),
  ADD UNIQUE KEY `uk_kontrak` (`id_tagihan`,`id_jasa`);

--
-- Indexes for table `paket_layanan`
--
ALTER TABLE `paket_layanan`
  ADD PRIMARY KEY (`id`),
  ADD UNIQUE KEY `services_barang_packeting` (`id_services`,`id_barang`),
  ADD UNIQUE KEY `uq_paket_layanan_id_services_id_invoice` (`id_services`,`id_barang`),
  ADD KEY `id_barang` (`id_barang`);

--
-- Indexes for table `services`
--
ALTER TABLE `services`
  ADD PRIMARY KEY (`id`);

--
-- Indexes for table `users`
--
ALTER TABLE `users`
  ADD PRIMARY KEY (`id`);

--
-- AUTO_INCREMENT for dumped tables
--

--
-- AUTO_INCREMENT for table `barang`
--
ALTER TABLE `barang`
  MODIFY `id` int(11) NOT NULL AUTO_INCREMENT, AUTO_INCREMENT=65;

--
-- AUTO_INCREMENT for table `invoice`
--
ALTER TABLE `invoice`
  MODIFY `id` int(11) NOT NULL AUTO_INCREMENT, AUTO_INCREMENT=40;

--
-- AUTO_INCREMENT for table `keranjang`
--
ALTER TABLE `keranjang`
  MODIFY `id` int(11) NOT NULL AUTO_INCREMENT, AUTO_INCREMENT=27;

--
-- AUTO_INCREMENT for table `kontrak`
--
ALTER TABLE `kontrak`
  MODIFY `id` int(10) UNSIGNED NOT NULL AUTO_INCREMENT, AUTO_INCREMENT=44;

--
-- AUTO_INCREMENT for table `paket_layanan`
--
ALTER TABLE `paket_layanan`
  MODIFY `id` int(11) NOT NULL AUTO_INCREMENT, AUTO_INCREMENT=106;

--
-- AUTO_INCREMENT for table `services`
--
ALTER TABLE `services`
  MODIFY `id` int(11) NOT NULL AUTO_INCREMENT, AUTO_INCREMENT=36;

--
-- AUTO_INCREMENT for table `users`
--
ALTER TABLE `users`
  MODIFY `id` int(11) NOT NULL AUTO_INCREMENT, AUTO_INCREMENT=42;

--
-- Constraints for dumped tables
--

--
-- Constraints for table `paket_layanan`
--
ALTER TABLE `paket_layanan`
  ADD CONSTRAINT `paket_layanan_ibfk_1` FOREIGN KEY (`id_services`) REFERENCES `services` (`id`),
  ADD CONSTRAINT `paket_layanan_ibfk_2` FOREIGN KEY (`id_barang`) REFERENCES `barang` (`id`);
COMMIT;

/*!40101 SET CHARACTER_SET_CLIENT=@OLD_CHARACTER_SET_CLIENT */;
/*!40101 SET CHARACTER_SET_RESULTS=@OLD_CHARACTER_SET_RESULTS */;
/*!40101 SET COLLATION_CONNECTION=@OLD_COLLATION_CONNECTION */;
